Дата,Товар,Категория товара,Количество продаж,Цена,Скидки,Маркетинговая активность,Погода,Демографические данные,Рейтинг товара
2024-05-22,Product0,Косметика,100,215.9,30%,Email-рассылка,Снег,"18-25 лет, мужчины",5.0
2024-05-22,Product1,Косметика,8,160.93,30%,Социальные сети,Снег,"25-40 лет, женщины",3.8
2024-05-22,Product2,Продукты питания,37,290.97,20%,Скидочные купоны,Снег,Семейные покупатели,4.5
2024-05-22,Product3,Одежда,30,722.79,10%,Скидочные купоны,Снег,40+,5.0
2024-05-22,Product4,Электроника,80,297.89,20%,Скидочные купоны,Солнечно,"18-25 лет, мужчины",5.0
2024-05-22,Product5,Косметика,18,667.44,20%,Рекламная кампания,Солнечно,"18-25 лет, мужчины",4.5
2024-05-22,Product6,Одежда,60,285.67,10%,Социальные сети,Снег,"18-25 лет, мужчины",3.8
2024-05-22,Product7,Косметика,66,468.02,10%,Email-рассылка,Снег,"25-40 лет, женщины",4.2
2024-05-22,Product8,Косметика,72,317.71,30%,Социальные сети,Солнечно,Семейные покупатели,3.8
2024-05-22,Product9,Электроника,11,719.45,30%,Рекламная кампания,Дождь,"25-40 лет, женщины",5.0
2024-05-22,Product10,Электроника,3,71.4,30%,Рекламная кампания,Солнечно,"25-40 лет, женщины",4.5
2024-05-22,Product11,Одежда,71,70.46,Бесплатная доставка,Email-рассылка,Пасмурно,Семейные покупатели,4.5
2024-05-22,Product12,Электроника,56,263.33,10%,Скидочные купоны,Снег,"25-40 лет, женщины",4.5
2024-05-22,Product13,Продукты питания,46,306.94,10%,Рекламная кампания,Пасмурно,"18-25 лет, мужчины",3.8
2024-05-22,Product14,Электроника,95,634.26,Бесплатная доставка,Email-рассылка,Пасмурно,"18-25 лет, мужчины",4.2
2024-05-22,Product15,Косметика,60,168.31,20%,Рекламная кампания,Пасмурно,Семейные покупатели,3.8
2024-05-22,Product16,Одежда,75,349.31,Бесплатная доставка,Социальные сети,Дождь,40+,3.8
2024-05-22,Product17,Косметика,1,383.59,20%,Email-рассылка,Солнечно,"18-25 лет, мужчины",4.2
2024-05-22,Product18,Одежда,63,460.26,Бесплатная доставка,Рекламная кампания,Пасмурно,40+,4.5
2024-05-22,Product19,Продукты питания,95,210.98,10%,Рекламная кампания,Снег,Семейные покупатели,4.5
2024-05-22,Product20,Косметика,70,127.5,20%,Email-рассылка,Дождь,"25-40 лет, женщины",4.2
2024-05-22,Product21,Одежда,94,395.92,20%,Email-рассылка,Солнечно,40+,4.5
2024-05-22,Product22,Одежда,26,811.19,Бесплатная доставка,Рекламная кампания,Солнечно,"25-40 лет, женщины",5.0
2024-05-22,Product23,Одежда,92,68.53,10%,Рекламная кампания,Солнечно,"18-25 лет, мужчины",5.0
2024-05-22,Product24,Продукты питания,96,408.58,10%,Email-рассылка,Солнечно,"18-25 лет, мужчины",5.0
2024-05-22,Product25,Продукты питания,85,624.99,10%,Email-рассылка,Пасмурно,40+,4.2
2024-05-22,Product26,Одежда,10,262.56,20%,Рекламная кампания,Дождь,Семейные покупатели,5.0
2024-05-22,Product27,Электроника,50,494.64,Бесплатная доставка,Скидочные купоны,Снег,"18-25 лет, мужчины",3.8
2024-05-22,Product28,Электроника,54,726.33,20%,Социальные сети,Дождь,"25-40 лет, женщины",3.8
2024-05-22,Product29,Электроника,94,846.05,Бесплатная доставка,Скидочные купоны,Пасмурно,40+,4.5
2024-05-22,Product30,Одежда,52,104.37,30%,Рекламная кампания,Солнечно,Семейные покупатели,4.5
2024-05-22,Product31,Косметика,47,55.68,30%,Рекламная кампания,Пасмурно,"25-40 лет, женщины",5.0
2024-05-22,Product32,Продукты питания,32,878.31,10%,Скидочные купоны,Пасмурно,40+,4.5
2024-05-22,Product33,Одежда,22,833.27,30%,Скидочные купоны,Пасмурно,Семейные покупатели,5.0
2024-05-22,Product34,Одежда,18,915.47,Бесплатная доставка,Email-рассылка,Снег,Семейные покупатели,4.2
2024-05-22,Product35,Продукты питания,42,361.36,10%,Скидочные купоны,Пасмурно,"25-40 лет, женщины",3.8
2024-05-22,Product36,Продукты питания,83,982.62,20%,Социальные сети,Солнечно,"18-25 лет, мужчины",4.5
2024-05-22,Product37,Косметика,59,979.65,20%,Социальные сети,Дождь,"25-40 лет, женщины",4.5
2024-05-22,Product38,Продукты питания,60,377.77,Бесплатная доставка,Рекламная кампания,Пасмурно,40+,5.0
2024-05-22,Product39,Электроника,21,400.31,Бесплатная доставка,Социальные сети,Дождь,Семейные покупатели,3.8
2024-05-22,Product40,Продукты питания,13,969.65,20%,Скидочные купоны,Снег,"25-40 лет, женщины",4.5
2024-05-22,Product41,Косметика,78,543.09,10%,Скидочные купоны,Дождь,Семейные покупатели,4.5
2024-05-22,Product42,Продукты питания,32,617.37,Бесплатная доставка,Email-рассылка,Снег,40+,5.0
2024-05-22,Product43,Электроника,29,247.5,Бесплатная доставка,Рекламная кампания,Солнечно,"25-40 лет, женщины",5.0
2024-05-22,Product44,Электроника,20,338.51,10%,Скидочные купоны,Дождь,"18-25 лет, мужчины",5.0
2024-05-22,Product45,Электроника,38,877.88,Бесплатная доставка,Рекламная кампания,Снег,Семейные покупатели,5.0
2024-05-22,Product46,Одежда,52,669.21,20%,Социальные сети,Пасмурно,"18-25 лет, мужчины",3.8
2024-05-22,Product47,Электроника,8,199.01,Бесплатная доставка,Социальные сети,Пасмурно,Семейные покупатели,5.0
2024-05-22,Product48,Косметика,94,718.91,10%,Скидочные купоны,Снег,40+,4.2
2024-05-22,Product49,Одежда,46,382.79,10%,Социальные сети,Дождь,"25-40 лет, женщины",4.5
2024-05-22,Product50,Продукты питания,42,165.66,10%,Социальные сети,Дождь,"18-25 лет, мужчины",5.0
2024-05-22,Product51,Электроника,99,405.41,Бесплатная доставка,Социальные сети,Дождь,40+,4.2
2024-05-22,Product52,Косметика,22,72.73,30%,Email-рассылка,Дождь,Семейные покупатели,5.0
2024-05-22,Product53,Одежда,12,534.65,Бесплатная доставка,Email-рассылка,Снег,40+,4.5
2024-05-22,Product54,Косметика,5,138.22,20%,Скидочные купоны,Солнечно,40+,5.0
2024-05-22,Product55,Одежда,3,256.16,Бесплатная доставка,Социальные сети,Снег,Семейные покупатели,4.2
2024-05-22,Product56,Продукты питания,85,181.26,30%,Email-рассылка,Дождь,"18-25 лет, мужчины",4.2
2024-05-22,Product57,Одежда,19,701.06,Бесплатная доставка,Email-рассылка,Пасмурно,"18-25 лет, мужчины",5.0
2024-05-22,Product58,Косметика,39,738.74,20%,Email-рассылка,Солнечно,"18-25 лет, мужчины",4.2
2024-05-22,Product59,Электроника,48,428.08,Бесплатная доставка,Рекламная кампания,Солнечно,Семейные покупатели,3.8
2024-05-22,Product60,Одежда,49,945.1,10%,Email-рассылка,Снег,40+,4.2
2024-05-22,Product61,Продукты питания,19,638.31,10%,Социальные сети,Дождь,"18-25 лет, мужчины",4.5
2024-05-22,Product62,Одежда,50,934.16,Бесплатная доставка,Рекламная кампания,Пасмурно,Семейные покупатели,5.0
2024-05-22,Product63,Продукты питания,7,555.95,20%,Email-рассылка,Солнечно,"25-40 лет, женщины",5.0
2024-05-22,Product64,Продукты питания,94,916.12,10%,Скидочные купоны,Солнечно,Семейные покупатели,5.0
2024-05-22,Product65,Косметика,7,22.13,20%,Скидочные купоны,Снег,Семейные покупатели,3.8
2024-05-22,Product66,Одежда,72,877.03,30%,Рекламная кампания,Дождь,"18-25 лет, мужчины",4.5
2024-05-22,Product67,Одежда,39,397.63,10%,Email-рассылка,Дождь,Семейные покупатели,3.8
2024-05-22,Product68,Электроника,58,215.18,30%,Скидочные купоны,Дождь,"25-40 лет, женщины",5.0
2024-05-22,Product69,Одежда,36,245.12,30%,Скидочные купоны,Снег,"18-25 лет, мужчины",3.8
2024-05-22,Product70,Продукты питания,49,209.11,Бесплатная доставка,Скидочные купоны,Снег,"25-40 лет, женщины",3.8
2024-05-22,Product71,Продукты питания,12,131.78,30%,Социальные сети,Солнечно,40+,5.0
2024-05-22,Product72,Электроника,68,150.41,30%,Рекламная кампания,Солнечно,40+,3.8
2024-05-22,Product73,Одежда,25,819.67,20%,Социальные сети,Солнечно,"18-25 лет, мужчины",4.5
2024-05-22,Product74,Одежда,57,478.73,10%,Email-рассылка,Пасмурно,"18-25 лет, мужчины",4.5
2024-05-22,Product75,Косметика,36,738.67,Бесплатная доставка,Рекламная кампания,Солнечно,40+,4.5
2024-05-22,Product76,Косметика,7,853.49,10%,Скидочные купоны,Снег,Семейные покупатели,4.5
2024-05-22,Product77,Косметика,49,908.7,30%,Email-рассылка,Солнечно,"25-40 лет, женщины",5.0
2024-05-22,Product78,Одежда,87,224.22,Бесплатная доставка,Скидочные купоны,Солнечно,"25-40 лет, женщины",3.8
2024-05-22,Product79,Одежда,3,643.16,Бесплатная доставка,Email-рассылка,Пасмурно,40+,4.2
2024-05-22,Product80,Одежда,95,234.47,Бесплатная доставка,Email-рассылка,Снег,40+,3.8
2024-05-22,Product81,Косметика,12,913.56,30%,Рекламная кампания,Солнечно,40+,4.5
2024-05-22,Product82,Электроника,57,938.46,30%,Скидочные купоны,Пасмурно,"25-40 лет, женщины",4.5
2024-05-22,Product83,Косметика,67,896.0,Бесплатная доставка,Рекламная кампания,Снег,40+,4.5
2024-05-22,Product84,Продукты питания,74,773.1,20%,Email-рассылка,Солнечно,40+,3.8
2024-05-22,Product85,Одежда,51,789.2,10%,Email-рассылка,Пасмурно,"18-25 лет, мужчины",4.5
2024-05-22,Product86,Продукты питания,4,617.83,10%,Email-рассылка,Дождь,40+,3.8
2024-05-22,Product87,Продукты питания,59,573.54,20%,Email-рассылка,Пасмурно,"25-40 лет, женщины",4.5
2024-05-22,Product88,Одежда,65,575.84,30%,Скидочные купоны,Солнечно,Семейные покупатели,4.2
2024-05-22,Product89,Одежда,78,544.79,20%,Email-рассылка,Снег,"18-25 лет, мужчины",4.2
2024-05-22,Product90,Электроника,41,644.19,30%,Рекламная кампания,Солнечно,"25-40 лет, женщины",3.8
2024-05-22,Product91,Продукты питания,20,556.53,30%,Скидочные купоны,Снег,"18-25 лет, мужчины",3.8
2024-05-22,Product92,Электроника,49,986.62,30%,Email-рассылка,Солнечно,"18-25 лет, мужчины",4.5
2024-05-22,Product93,Косметика,2,647.84,20%,Рекламная кампания,Пасмурно,"18-25 лет, мужчины",4.2
2024-05-22,Product94,Продукты питания,92,522.95,Бесплатная доставка,Социальные сети,Солнечно,"25-40 лет, женщины",3.8
2024-05-22,Product95,Косметика,15,50.95,10%,Социальные сети,Пасмурно,"18-25 лет, мужчины",4.5
2024-05-22,Product96,Косметика,76,74.78,10%,Рекламная кампания,Дождь,"18-25 лет, мужчины",5.0
2024-05-22,Product97,Косметика,11,429.74,20%,Рекламная кампания,Снег,"18-25 лет, мужчины",4.2
2024-05-22,Product98,Электроника,36,814.48,30%,Рекламная кампания,Пасмурно,Семейные покупатели,3.8
2024-05-22,Product99,Одежда,26,493.06,30%,Email-рассылка,Дождь,"25-40 лет, женщины",4.2
2024-05-22,Product100,Косметика,99,375.02,10%,Социальные сети,Снег,Семейные покупатели,5.0
2024-05-22,Product101,Электроника,53,85.28,30%,Социальные сети,Снег,Семейные покупатели,4.2
2024-05-22,Product102,Электроника,56,377.69,30%,Рекламная кампания,Дождь,"25-40 лет, женщины",5.0
2024-05-22,Product103,Косметика,12,126.59,30%,Email-рассылка,Дождь,"25-40 лет, женщины",5.0
2024-05-22,Product104,Электроника,2,260.59,20%,Социальные сети,Солнечно,40+,4.5
2024-05-22,Product105,Электроника,28,935.23,20%,Скидочные купоны,Снег,40+,4.2
2024-05-22,Product106,Одежда,25,968.76,Бесплатная доставка,Email-рассылка,Пасмурно,"18-25 лет, мужчины",5.0
2024-05-22,Product107,Продукты питания,75,955.15,Бесплатная доставка,Скидочные купоны,Солнечно,"25-40 лет, женщины",5.0
2024-05-22,Product108,Продукты питания,16,667.07,10%,Скидочные купоны,Снег,40+,4.2
2024-05-22,Product109,Одежда,47,243.06,30%,Email-рассылка,Пасмурно,"18-25 лет, мужчины",5.0
2024-05-22,Product110,Одежда,71,581.89,20%,Скидочные купоны,Солнечно,"18-25 лет, мужчины",4.2
2024-05-22,Product111,Электроника,89,39.95,Бесплатная доставка,Социальные сети,Солнечно,"25-40 лет, женщины",4.2
2024-05-22,Product112,Одежда,100,260.03,20%,Рекламная кампания,Солнечно,"18-25 лет, мужчины",3.8
2024-05-22,Product113,Продукты питания,72,184.9,10%,Email-рассылка,Пасмурно,Семейные покупатели,4.2
2024-05-22,Product114,Электроника,2,101.99,10%,Скидочные купоны,Дождь,Семейные покупатели,4.5
2024-05-22,Product115,Одежда,94,196.16,30%,Социальные сети,Снег,"18-25 лет, мужчины",4.2
2024-05-22,Product116,Одежда,7,899.55,30%,Скидочные купоны,Снег,"25-40 лет, женщины",4.5
2024-05-22,Product117,Продукты питания,59,841.24,20%,Социальные сети,Дождь,40+,4.2
2024-05-22,Product118,Электроника,66,203.64,20%,Социальные сети,Пасмурно,"25-40 лет, женщины",4.5
2024-05-22,Product119,Электроника,48,913.58,Бесплатная доставка,Социальные сети,Солнечно,"25-40 лет, женщины",5.0
2024-05-22,Product120,Электроника,10,824.88,20%,Рекламная кампания,Снег,"25-40 лет, женщины",5.0
2024-05-22,Product121,Продукты питания,56,963.78,10%,Рекламная кампания,Солнечно,"18-25 лет, мужчины",4.5
2024-05-22,Product122,Продукты питания,91,662.63,30%,Социальные сети,Солнечно,Семейные покупатели,3.8
2024-05-22,Product123,Косметика,75,474.79,10%,Социальные сети,Снег,Семейные покупатели,4.5
2024-05-22,Product124,Электроника,6,12.17,20%,Скидочные купоны,Снег,40+,4.2
2024-05-22,Product125,Электроника,37,42.84,20%,Социальные сети,Снег,"18-25 лет, мужчины",4.5
2024-05-22,Product126,Одежда,95,599.25,20%,Социальные сети,Снег,"25-40 лет, женщины",4.2
2024-05-22,Product127,Одежда,36,143.01,10%,Социальные сети,Пасмурно,40+,4.5
2024-05-22,Product128,Косметика,4,155.53,10%,Email-рассылка,Снег,40+,3.8
2024-05-22,Product129,Продукты питания,50,436.84,30%,Рекламная кампания,Солнечно,"25-40 лет, женщины",3.8
2024-05-22,Product130,Косметика,4,88.01,30%,Социальные сети,Снег,Семейные покупатели,4.2
2024-05-22,Product131,Продукты питания,27,643.6,30%,Рекламная кампания,Солнечно,"25-40 лет, женщины",4.2
2024-05-22,Product132,Продукты питания,45,758.79,10%,Социальные сети,Снег,Семейные покупатели,3.8
2024-05-22,Product133,Косметика,37,686.74,30%,Скидочные купоны,Солнечно,"18-25 лет, мужчины",3.8
2024-05-22,Product134,Электроника,95,181.68,20%,Email-рассылка,Дождь,40+,3.8
2024-05-22,Product135,Электроника,47,65.15,10%,Email-рассылка,Солнечно,Семейные покупатели,3.8
2024-05-22,Product136,Продукты питания,60,86.31,10%,Социальные сети,Солнечно,Семейные покупатели,3.8
2024-05-22,Product137,Электроника,80,297.95,10%,Рекламная кампания,Снег,40+,3.8
2024-05-22,Product138,Косметика,11,904.73,Бесплатная доставка,Рекламная кампания,Солнечно,Семейные покупатели,5.0
2024-05-22,Product139,Одежда,31,256.07,30%,Социальные сети,Снег,"25-40 лет, женщины",5.0
2024-05-22,Product140,Одежда,22,851.88,30%,Скидочные купоны,Снег,"25-40 лет, женщины",4.5
2024-05-22,Product141,Продукты питания,60,362.79,10%,Социальные сети,Дождь,40+,4.2
2024-05-22,Product142,Одежда,64,763.49,Бесплатная доставка,Социальные сети,Пасмурно,"18-25 лет, мужчины",4.5
2024-05-22,Product143,Продукты питания,80,763.23,10%,Рекламная кампания,Дождь,40+,4.5
2024-05-22,Product144,Одежда,47,403.94,10%,Социальные сети,Пасмурно,"25-40 лет, женщины",4.2
2024-05-22,Product145,Одежда,15,834.33,20%,Скидочные купоны,Солнечно,"25-40 лет, женщины",3.8
2024-05-22,Product146,Электроника,37,608.87,30%,Email-рассылка,Солнечно,"18-25 лет, мужчины",4.2
2024-05-22,Product147,Электроника,56,880.59,30%,Рекламная кампания,Солнечно,40+,4.5
2024-05-22,Product148,Электроника,71,996.3,10%,Email-рассылка,Пасмурно,40+,3.8
2024-05-22,Product149,Косметика,12,675.66,20%,Социальные сети,Солнечно,40+,4.5
2024-05-22,Product150,Продукты питания,25,283.8,20%,Рекламная кампания,Снег,Семейные покупатели,4.5
2024-05-22,Product151,Одежда,98,766.11,Бесплатная доставка,Email-рассылка,Дождь,"25-40 лет, женщины",5.0
2024-05-22,Product152,Продукты питания,42,59.8,10%,Скидочные купоны,Дождь,40+,5.0
2024-05-22,Product153,Электроника,91,621.58,Бесплатная доставка,Рекламная кампания,Солнечно,40+,3.8
2024-05-22,Product154,Косметика,64,14.31,10%,Социальные сети,Солнечно,"18-25 лет, мужчины",4.5
2024-05-22,Product155,Продукты питания,23,533.3,20%,Социальные сети,Пасмурно,"18-25 лет, мужчины",4.5
2024-05-22,Product156,Электроника,57,69.3,Бесплатная доставка,Email-рассылка,Пасмурно,Семейные покупатели,5.0
2024-05-22,Product157,Электроника,78,40.5,20%,Социальные сети,Снег,40+,3.8
2024-05-22,Product158,Одежда,13,32.82,20%,Скидочные купоны,Снег,"25-40 лет, женщины",4.5
2024-05-22,Product159,Косметика,48,818.93,30%,Социальные сети,Солнечно,Семейные покупатели,4.2
2024-05-22,Product160,Косметика,27,42.14,10%,Email-рассылка,Пасмурно,40+,4.5
2024-05-22,Product161,Продукты питания,8,154.48,30%,Скидочные купоны,Солнечно,"18-25 лет, мужчины",4.5
2024-05-22,Product162,Продукты питания,56,772.79,10%,Рекламная кампания,Солнечно,40+,4.2
2024-05-22,Product163,Одежда,65,487.98,10%,Социальные сети,Пасмурно,"18-25 лет, мужчины",4.5
2024-05-22,Product164,Косметика,38,704.53,10%,Email-рассылка,Солнечно,40+,4.2
2024-05-22,Product165,Одежда,68,55.02,Бесплатная доставка,Скидочные купоны,Солнечно,"25-40 лет, женщины",5.0
2024-05-22,Product166,Электроника,6,708.08,30%,Рекламная кампания,Дождь,"18-25 лет, мужчины",3.8
2024-05-22,Product167,Одежда,57,459.92,10%,Скидочные купоны,Дождь,"18-25 лет, мужчины",5.0
2024-05-22,Product168,Электроника,88,733.61,20%,Email-рассылка,Пасмурно,Семейные покупатели,3.8
2024-05-22,Product169,Продукты питания,34,995.61,20%,Рекламная кампания,Дождь,"25-40 лет, женщины",3.8
2024-05-22,Product170,Продукты питания,39,36.01,30%,Социальные сети,Пасмурно,Семейные покупатели,4.5
2024-05-22,Product171,Продукты питания,94,820.64,Бесплатная доставка,Социальные сети,Пасмурно,40+,4.2
2024-05-22,Product172,Электроника,12,827.44,Бесплатная доставка,Рекламная кампания,Снег,Семейные покупатели,3.8
2024-05-22,Product173,Одежда,59,671.56,10%,Социальные сети,Снег,40+,4.2
2024-05-22,Product174,Одежда,6,639.46,30%,Email-рассылка,Снег,Семейные покупатели,3.8
2024-05-22,Product175,Продукты питания,36,975.85,30%,Социальные сети,Солнечно,Семейные покупатели,4.2
2024-05-22,Product176,Одежда,1,96.15,30%,Социальные сети,Солнечно,"25-40 лет, женщины",3.8
2024-05-22,Product177,Электроника,57,448.15,10%,Рекламная кампания,Пасмурно,Семейные покупатели,3.8
2024-05-22,Product178,Электроника,100,652.38,10%,Email-рассылка,Пасмурно,Семейные покупатели,4.5
2024-05-22,Product179,Электроника,87,302.1,Бесплатная доставка,Email-рассылка,Солнечно,"25-40 лет, женщины",5.0
2024-05-22,Product180,Электроника,71,958.21,10%,Скидочные купоны,Снег,"18-25 лет, мужчины",5.0
2024-05-22,Product181,Одежда,44,363.94,20%,Рекламная кампания,Дождь,Семейные покупатели,4.5
2024-05-22,Product182,Продукты питания,3,911.31,10%,Скидочные купоны,Солнечно,"25-40 лет, женщины",3.8
2024-05-22,Product183,Продукты питания,84,866.8,20%,Рекламная кампания,Дождь,40+,3.8
2024-05-22,Product184,Косметика,18,741.74,10%,Рекламная кампания,Дождь,"25-40 лет, женщины",4.5
2024-05-22,Product185,Косметика,91,883.07,Бесплатная доставка,Рекламная кампания,Снег,"25-40 лет, женщины",4.2
2024-05-22,Product186,Косметика,92,242.7,20%,Рекламная кампания,Снег,"18-25 лет, мужчины",3.8
2024-05-22,Product187,Продукты питания,94,900.67,20%,Социальные сети,Солнечно,"18-25 лет, мужчины",4.5
2024-05-22,Product188,Электроника,10,209.2,Бесплатная доставка,Социальные сети,Солнечно,"25-40 лет, женщины",4.5
2024-05-22,Product189,Косметика,73,670.67,20%,Социальные сети,Пасмурно,"25-40 лет, женщины",5.0
2024-05-22,Product190,Электроника,46,141.84,10%,Скидочные купоны,Дождь,"18-25 лет, мужчины",4.5
2024-05-22,Product191,Электроника,73,846.92,10%,Скидочные купоны,Снег,"18-25 лет, мужчины",4.2
2024-05-22,Product192,Продукты питания,76,538.89,30%,Рекламная кампания,Пасмурно,Семейные покупатели,5.0
2024-05-22,Product193,Продукты питания,40,421.6,10%,Скидочные купоны,Снег,40+,3.8
2024-05-22,Product194,Продукты питания,16,655.52,Бесплатная доставка,Рекламная кампания,Пасмурно,"25-40 лет, женщины",5.0
2024-05-22,Product195,Продукты питания,82,786.62,Бесплатная доставка,Email-рассылка,Дождь,"18-25 лет, мужчины",3.8
2024-05-22,Product196,Косметика,43,706.6,Бесплатная доставка,Email-рассылка,Пасмурно,"25-40 лет, женщины",4.5
2024-05-22,Product197,Одежда,86,357.51,10%,Социальные сети,Пасмурно,"25-40 лет, женщины",4.2
2024-05-22,Product198,Косметика,45,784.71,Бесплатная доставка,Email-рассылка,Дождь,Семейные покупатели,4.2
2024-05-22,Product199,Косметика,20,840.03,20%,Email-рассылка,Снег,40+,4.2
2024-05-22,Product200,Электроника,74,276.04,Бесплатная доставка,Скидочные купоны,Пасмурно,"25-40 лет, женщины",4.2
2024-05-22,Product201,Одежда,86,675.44,30%,Email-рассылка,Дождь,Семейные покупатели,5.0
2024-05-22,Product202,Одежда,86,676.54,20%,Email-рассылка,Солнечно,Семейные покупатели,4.2
2024-05-22,Product203,Продукты питания,87,711.57,Бесплатная доставка,Скидочные купоны,Солнечно,Семейные покупатели,4.5
2024-05-22,Product204,Электроника,62,258.34,30%,Рекламная кампания,Дождь,Семейные покупатели,5.0
2024-05-22,Product205,Косметика,56,763.45,10%,Социальные сети,Снег,"25-40 лет, женщины",3.8
2024-05-22,Product206,Электроника,26,905.18,30%,Социальные сети,Солнечно,Семейные покупатели,4.5
2024-05-22,Product207,Одежда,70,721.17,30%,Рекламная кампания,Снег,Семейные покупатели,4.5
2024-05-22,Product208,Косметика,54,228.71,Бесплатная доставка,Скидочные купоны,Дождь,"18-25 лет, мужчины",4.2
2024-05-22,Product209,Косметика,23,349.88,30%,Рекламная кампания,Снег,40+,5.0
2024-05-22,Product210,Электроника,53,933.4,10%,Скидочные купоны,Солнечно,Семейные покупатели,4.5
2024-05-22,Product211,Электроника,60,564.44,10%,Социальные сети,Дождь,"18-25 лет, мужчины",3.8
2024-05-22,Product212,Одежда,40,542.11,10%,Email-рассылка,Дождь,"25-40 лет, женщины",3.8
2024-05-22,Product213,Косметика,36,529.78,Бесплатная доставка,Скидочные купоны,Дождь,40+,5.0
2024-05-22,Product214,Электроника,4,486.92,30%,Рекламная кампания,Солнечно,Семейные покупатели,4.2
2024-05-22,Product215,Продукты питания,60,562.78,10%,Скидочные купоны,Пасмурно,"18-25 лет, мужчины",4.2
2024-05-22,Product216,Одежда,19,375.4,10%,Скидочные купоны,Солнечно,"18-25 лет, мужчины",5.0
2024-05-22,Product217,Электроника,59,426.54,Бесплатная доставка,Email-рассылка,Дождь,"18-25 лет, мужчины",3.8
2024-05-22,Product218,Одежда,29,625.9,20%,Скидочные купоны,Пасмурно,40+,4.2
2024-05-22,Product219,Косметика,83,260.61,10%,Социальные сети,Дождь,Семейные покупатели,5.0
2024-05-22,Product220,Электроника,96,219.75,20%,Социальные сети,Дождь,"25-40 лет, женщины",4.5
2024-05-22,Product221,Электроника,47,114.98,10%,Email-рассылка,Дождь,Семейные покупатели,5.0
2024-05-22,Product222,Электроника,16,886.94,30%,Социальные сети,Снег,"25-40 лет, женщины",3.8
2024-05-22,Product223,Продукты питания,14,724.49,Бесплатная доставка,Скидочные купоны,Дождь,Семейные покупатели,4.2
2024-05-22,Product224,Продукты питания,68,160.97,30%,Скидочные купоны,Снег,"25-40 лет, женщины",4.5
2024-05-22,Product225,Косметика,96,95.8,30%,Рекламная кампания,Снег,"18-25 лет, мужчины",4.2
2024-05-22,Product226,Косметика,80,115.44,Бесплатная доставка,Email-рассылка,Пасмурно,"25-40 лет, женщины",4.2
2024-05-22,Product227,Электроника,59,814.39,10%,Социальные сети,Пасмурно,"18-25 лет, мужчины",5.0
2024-05-22,Product228,Одежда,91,364.27,Бесплатная доставка,Социальные сети,Солнечно,"25-40 лет, женщины",4.5
2024-05-22,Product229,Продукты питания,22,955.39,Бесплатная доставка,Email-рассылка,Пасмурно,"18-25 лет, мужчины",4.5
2024-05-22,Product230,Продукты питания,14,292.0,Бесплатная доставка,Скидочные купоны,Дождь,Семейные покупатели,3.8
2024-05-22,Product231,Косметика,53,216.86,30%,Рекламная кампания,Пасмурно,40+,3.8
2024-05-22,Product232,Электроника,23,598.9,10%,Рекламная кампания,Солнечно,Семейные покупатели,4.5
2024-05-22,Product233,Одежда,81,795.89,30%,Рекламная кампания,Солнечно,Семейные покупатели,4.2
2024-05-22,Product234,Продукты питания,98,51.22,30%,Рекламная кампания,Солнечно,40+,5.0
2024-05-22,Product235,Одежда,23,430.83,30%,Социальные сети,Дождь,"25-40 лет, женщины",4.5
2024-05-22,Product236,Косметика,32,532.3,10%,Email-рассылка,Снег,40+,4.2
2024-05-22,Product237,Косметика,91,990.87,Бесплатная доставка,Скидочные купоны,Дождь,40+,5.0
2024-05-22,Product238,Электроника,90,339.71,20%,Скидочные купоны,Солнечно,Семейные покупатели,5.0
2024-05-22,Product239,Электроника,42,739.99,30%,Email-рассылка,Пасмурно,Семейные покупатели,5.0
2024-05-22,Product240,Одежда,95,698.15,30%,Скидочные купоны,Снег,40+,4.2
2024-05-22,Product241,Электроника,3,304.25,Бесплатная доставка,Email-рассылка,Дождь,"25-40 лет, женщины",4.5
2024-05-22,Product242,Продукты питания,84,591.95,20%,Рекламная кампания,Дождь,Семейные покупатели,4.2
2024-05-22,Product243,Электроника,76,772.43,30%,Рекламная кампания,Дождь,"18-25 лет, мужчины",3.8
2024-05-22,Product244,Одежда,66,767.01,Бесплатная доставка,Рекламная кампания,Дождь,40+,3.8
2024-05-22,Product245,Продукты питания,78,704.56,30%,Скидочные купоны,Пасмурно,Семейные покупатели,4.5
2024-05-22,Product246,Продукты питания,32,447.73,20%,Email-рассылка,Снег,Семейные покупатели,5.0
2024-05-22,Product247,Продукты питания,95,28.46,10%,Социальные сети,Дождь,Семейные покупатели,5.0
2024-05-22,Product248,Продукты питания,96,474.78,20%,Рекламная кампания,Пасмурно,"25-40 лет, женщины",5.0
2024-05-22,Product249,Электроника,25,378.77,30%,Скидочные купоны,Дождь,Семейные покупатели,5.0
2024-05-22,Product250,Одежда,27,996.23,10%,Скидочные купоны,Пасмурно,"25-40 лет, женщины",4.2
2024-05-22,Product251,Продукты питания,16,385.71,Бесплатная доставка,Рекламная кампания,Пасмурно,Семейные покупатели,4.2
2024-05-22,Product252,Одежда,1,475.81,10%,Скидочные купоны,Пасмурно,"25-40 лет, женщины",4.2
2024-05-22,Product253,Электроника,34,450.5,30%,Социальные сети,Пасмурно,40+,4.5
2024-05-22,Product254,Электроника,2,634.48,10%,Рекламная кампания,Солнечно,Семейные покупатели,5.0
2024-05-22,Product255,Одежда,81,181.45,Бесплатная доставка,Социальные сети,Снег,Семейные покупатели,4.5
2024-05-22,Product256,Одежда,56,974.9,10%,Скидочные купоны,Снег,"18-25 лет, мужчины",4.5
2024-05-22,Product257,Одежда,78,968.29,10%,Рекламная кампания,Снег,"25-40 лет, женщины",4.5
2024-05-22,Product258,Продукты питания,32,772.55,Бесплатная доставка,Социальные сети,Солнечно,40+,3.8
2024-05-22,Product259,Электроника,84,715.63,Бесплатная доставка,Социальные сети,Снег,40+,5.0
2024-05-22,Product260,Косметика,16,573.08,10%,Рекламная кампания,Солнечно,"25-40 лет, женщины",3.8
2024-05-22,Product261,Электроника,77,268.71,Бесплатная доставка,Социальные сети,Снег,40+,3.8
2024-05-22,Product262,Электроника,21,394.23,10%,Скидочные купоны,Пасмурно,40+,5.0
2024-05-22,Product263,Косметика,14,329.2,20%,Рекламная кампания,Солнечно,Семейные покупатели,4.2
2024-05-22,Product264,Косметика,96,226.82,10%,Email-рассылка,Снег,Семейные покупатели,5.0
2024-05-22,Product265,Электроника,82,52.55,Бесплатная доставка,Рекламная кампания,Пасмурно,"25-40 лет, женщины",4.2
2024-05-22,Product266,Косметика,42,370.42,Бесплатная доставка,Скидочные купоны,Солнечно,"25-40 лет, женщины",4.5
2024-05-22,Product267,Косметика,88,142.83,20%,Рекламная кампания,Солнечно,40+,4.5
2024-05-22,Product268,Продукты питания,19,549.17,10%,Рекламная кампания,Солнечно,40+,3.8
2024-05-22,Product269,Электроника,8,967.82,30%,Рекламная кампания,Снег,40+,3.8
2024-05-22,Product270,Косметика,39,229.77,Бесплатная доставка,Социальные сети,Дождь,40+,5.0
2024-05-22,Product271,Электроника,51,854.54,Бесплатная доставка,Рекламная кампания,Снег,"25-40 лет, женщины",4.5
2024-05-22,Product272,Электроника,41,306.76,10%,Рекламная кампания,Солнечно,Семейные покупатели,4.2
2024-05-22,Product273,Косметика,78,566.51,20%,Рекламная кампания,Солнечно,"25-40 лет, женщины",3.8
2024-05-22,Product274,Одежда,85,826.83,20%,Скидочные купоны,Пасмурно,"18-25 лет, мужчины",5.0
2024-05-22,Product275,Продукты питания,8,606.61,20%,Рекламная кампания,Пасмурно,40+,3.8
2024-05-22,Product276,Косметика,75,497.49,Бесплатная доставка,Социальные сети,Солнечно,"18-25 лет, мужчины",4.5
2024-05-22,Product277,Одежда,2,894.61,10%,Email-рассылка,Солнечно,Семейные покупатели,4.5
2024-05-22,Product278,Электроника,96,911.8,10%,Email-рассылка,Снег,"18-25 лет, мужчины",5.0
2024-05-22,Product279,Электроника,28,861.43,20%,Рекламная кампания,Солнечно,Семейные покупатели,5.0
2024-05-22,Product280,Одежда,70,374.78,10%,Скидочные купоны,Дождь,"18-25 лет, мужчины",4.5
2024-05-22,Product281,Продукты питания,25,42.1,20%,Скидочные купоны,Пасмурно,40+,4.5
2024-05-22,Product282,Продукты питания,10,889.81,10%,Email-рассылка,Дождь,40+,4.5
2024-05-22,Product283,Электроника,54,12.96,Бесплатная доставка,Скидочные купоны,Дождь,Семейные покупатели,4.5
2024-05-22,Product284,Одежда,58,992.51,30%,Скидочные купоны,Пасмурно,Семейные покупатели,3.8
2024-05-22,Product285,Косметика,69,240.79,10%,Рекламная кампания,Снег,40+,3.8
2024-05-22,Product286,Одежда,71,788.2,30%,Скидочные купоны,Пасмурно,"18-25 лет, мужчины",3.8
2024-05-22,Product287,Косметика,54,718.24,Бесплатная доставка,Скидочные купоны,Солнечно,"18-25 лет, мужчины",4.5
2024-05-22,Product288,Электроника,22,206.29,20%,Рекламная кампания,Солнечно,Семейные покупатели,4.5
2024-05-22,Product289,Одежда,84,518.12,20%,Социальные сети,Пасмурно,"18-25 лет, мужчины",3.8
2024-05-22,Product290,Одежда,100,651.95,10%,Email-рассылка,Солнечно,"25-40 лет, женщины",3.8
2024-05-22,Product291,Продукты питания,47,747.36,30%,Социальные сети,Пасмурно,"18-25 лет, мужчины",4.2
2024-05-22,Product292,Косметика,24,784.13,20%,Скидочные купоны,Солнечно,"18-25 лет, мужчины",5.0
2024-05-22,Product293,Электроника,20,914.99,30%,Скидочные купоны,Снег,"25-40 лет, женщины",5.0
2024-05-22,Product294,Продукты питания,90,774.96,Бесплатная доставка,Социальные сети,Снег,"18-25 лет, мужчины",4.5
2024-05-22,Product295,Продукты питания,9,215.58,30%,Скидочные купоны,Солнечно,"18-25 лет, мужчины",4.5
2024-05-22,Product296,Одежда,50,225.25,20%,Email-рассылка,Пасмурно,Семейные покупатели,4.5
2024-05-22,Product297,Одежда,20,554.94,20%,Социальные сети,Солнечно,"18-25 лет, мужчины",5.0
2024-05-22,Product298,Одежда,33,377.6,30%,Email-рассылка,Солнечно,"25-40 лет, женщины",5.0
2024-05-22,Product299,Продукты питания,5,630.24,10%,Рекламная кампания,Пасмурно,"18-25 лет, мужчины",5.0
2024-05-22,Product300,Одежда,20,612.54,20%,Рекламная кампания,Снег,40+,5.0
2024-05-22,Product301,Продукты питания,45,415.37,Бесплатная доставка,Email-рассылка,Солнечно,"25-40 лет, женщины",3.8
2024-05-22,Product302,Электроника,20,361.49,Бесплатная доставка,Email-рассылка,Солнечно,"18-25 лет, мужчины",3.8
2024-05-22,Product303,Электроника,57,819.38,20%,Рекламная кампания,Солнечно,Семейные покупатели,4.2
2024-05-22,Product304,Косметика,86,296.99,10%,Социальные сети,Снег,Семейные покупатели,3.8
2024-05-22,Product305,Продукты питания,92,776.05,10%,Email-рассылка,Пасмурно,Семейные покупатели,4.2
2024-05-22,Product306,Электроника,19,836.2,10%,Социальные сети,Дождь,"25-40 лет, женщины",4.2
2024-05-22,Product307,Электроника,79,641.12,30%,Скидочные купоны,Снег,40+,5.0
2024-05-22,Product308,Продукты питания,26,740.81,30%,Скидочные купоны,Снег,40+,3.8
2024-05-22,Product309,Электроника,96,229.09,20%,Социальные сети,Пасмурно,Семейные покупатели,4.2
2024-05-22,Product310,Одежда,100,576.31,20%,Рекламная кампания,Снег,Семейные покупатели,3.8
2024-05-22,Product311,Одежда,25,522.05,Бесплатная доставка,Email-рассылка,Дождь,"18-25 лет, мужчины",3.8
2024-05-22,Product312,Продукты питания,34,254.35,10%,Email-рассылка,Дождь,40+,5.0
2024-05-22,Product313,Одежда,54,351.51,20%,Рекламная кампания,Солнечно,40+,4.2
2024-05-22,Product314,Косметика,64,858.27,Бесплатная доставка,Скидочные купоны,Снег,"25-40 лет, женщины",3.8
2024-05-22,Product315,Продукты питания,94,947.35,20%,Email-рассылка,Солнечно,Семейные покупатели,3.8
2024-05-22,Product316,Косметика,14,82.95,10%,Скидочные купоны,Снег,Семейные покупатели,4.2
2024-05-22,Product317,Косметика,6,216.9,Бесплатная доставка,Email-рассылка,Дождь,"25-40 лет, женщины",4.2
2024-05-22,Product318,Электроника,29,485.68,Бесплатная доставка,Email-рассылка,Солнечно,"25-40 лет, женщины",4.5
2024-05-22,Product319,Косметика,10,431.86,30%,Скидочные купоны,Дождь,"18-25 лет, мужчины",4.5
2024-05-22,Product320,Косметика,27,261.41,10%,Социальные сети,Пасмурно,40+,4.2
2024-05-22,Product321,Электроника,97,649.88,30%,Рекламная кампания,Дождь,"18-25 лет, мужчины",4.5
2024-05-22,Product322,Одежда,51,710.96,20%,Рекламная кампания,Солнечно,40+,3.8
2024-05-22,Product323,Косметика,22,21.45,10%,Скидочные купоны,Солнечно,"18-25 лет, мужчины",3.8
2024-05-22,Product324,Продукты питания,69,400.45,30%,Социальные сети,Пасмурно,40+,4.5
2024-05-22,Product325,Электроника,74,506.57,10%,Скидочные купоны,Солнечно,40+,3.8
2024-05-22,Product326,Электроника,55,873.45,20%,Социальные сети,Солнечно,"25-40 лет, женщины",4.5
2024-05-22,Product327,Косметика,68,745.83,30%,Email-рассылка,Снег,"25-40 лет, женщины",4.5
2024-05-22,Product328,Электроника,14,540.18,30%,Социальные сети,Солнечно,Семейные покупатели,4.2
2024-05-22,Product329,Одежда,55,546.65,20%,Скидочные купоны,Пасмурно,"25-40 лет, женщины",4.2
2024-05-22,Product330,Косметика,26,461.38,Бесплатная доставка,Рекламная кампания,Солнечно,"18-25 лет, мужчины",4.5
2024-05-22,Product331,Электроника,49,319.78,10%,Рекламная кампания,Пасмурно,40+,3.8
2024-05-22,Product332,Электроника,71,487.59,10%,Рекламная кампания,Дождь,"25-40 лет, женщины",5.0
2024-05-22,Product333,Одежда,52,434.43,20%,Социальные сети,Дождь,40+,4.2
2024-05-22,Product334,Косметика,69,230.65,20%,Рекламная кампания,Солнечно,"25-40 лет, женщины",3.8
2024-05-22,Product335,Одежда,9,149.99,Бесплатная доставка,Рекламная кампания,Солнечно,"25-40 лет, женщины",4.5
2024-05-22,Product336,Электроника,12,312.07,10%,Email-рассылка,Пасмурно,"25-40 лет, женщины",4.2
2024-05-22,Product337,Продукты питания,52,427.99,10%,Скидочные купоны,Снег,"25-40 лет, женщины",5.0
2024-05-22,Product338,Продукты питания,3,523.66,10%,Скидочные купоны,Пасмурно,40+,5.0
2024-05-22,Product339,Электроника,17,559.73,10%,Скидочные купоны,Пасмурно,40+,3.8
2024-05-22,Product340,Косметика,65,258.79,20%,Социальные сети,Солнечно,Семейные покупатели,4.5
2024-05-22,Product341,Электроника,84,413.53,20%,Email-рассылка,Солнечно,Семейные покупатели,5.0
2024-05-22,Product342,Электроника,96,465.37,Бесплатная доставка,Email-рассылка,Пасмурно,40+,5.0
2024-05-22,Product343,Электроника,83,617.44,30%,Социальные сети,Снег,"18-25 лет, мужчины",4.5
2024-05-22,Product344,Одежда,76,342.59,10%,Социальные сети,Солнечно,"18-25 лет, мужчины",3.8
2024-05-22,Product345,Электроника,76,177.72,30%,Рекламная кампания,Дождь,40+,5.0
2024-05-22,Product346,Продукты питания,40,443.79,20%,Скидочные купоны,Снег,40+,3.8
2024-05-22,Product347,Продукты питания,56,827.69,10%,Скидочные купоны,Снег,40+,4.5
2024-05-22,Product348,Продукты питания,39,761.45,30%,Социальные сети,Дождь,"25-40 лет, женщины",5.0
2024-05-22,Product349,Одежда,88,986.43,Бесплатная доставка,Скидочные купоны,Пасмурно,"18-25 лет, мужчины",4.5
2024-05-22,Product350,Косметика,57,678.79,20%,Скидочные купоны,Снег,Семейные покупатели,4.5
2024-05-22,Product351,Электроника,6,954.95,Бесплатная доставка,Email-рассылка,Солнечно,Семейные покупатели,4.5
2024-05-22,Product352,Косметика,51,843.64,10%,Email-рассылка,Солнечно,Семейные покупатели,3.8
2024-05-22,Product353,Косметика,38,146.72,Бесплатная доставка,Рекламная кампания,Пасмурно,"25-40 лет, женщины",4.2
2024-05-22,Product354,Косметика,39,65.53,20%,Рекламная кампания,Снег,40+,4.5
2024-05-22,Product355,Одежда,86,739.13,20%,Рекламная кампания,Пасмурно,"25-40 лет, женщины",4.2
2024-05-22,Product356,Одежда,5,756.59,20%,Скидочные купоны,Пасмурно,"25-40 лет, женщины",4.5
2024-05-22,Product357,Продукты питания,81,393.47,Бесплатная доставка,Email-рассылка,Пасмурно,40+,3.8
2024-05-22,Product358,Электроника,8,224.7,20%,Социальные сети,Снег,Семейные покупатели,4.2
2024-05-22,Product359,Косметика,11,289.13,20%,Социальные сети,Дождь,Семейные покупатели,3.8
2024-05-22,Product360,Одежда,4,629.6,20%,Скидочные купоны,Дождь,40+,3.8
2024-05-22,Product361,Косметика,61,232.99,10%,Социальные сети,Снег,Семейные покупатели,5.0
2024-05-22,Product362,Электроника,56,943.42,Бесплатная доставка,Email-рассылка,Снег,"25-40 лет, женщины",4.5
2024-05-22,Product363,Продукты питания,63,859.19,10%,Социальные сети,Пасмурно,40+,3.8
2024-05-22,Product364,Электроника,60,90.33,20%,Email-рассылка,Дождь,40+,3.8
2024-05-22,Product365,Косметика,23,507.03,20%,Email-рассылка,Солнечно,40+,4.2
2024-05-22,Product366,Электроника,30,79.18,30%,Скидочные купоны,Снег,40+,4.5
2024-05-22,Product367,Продукты питания,57,891.02,Бесплатная доставка,Социальные сети,Солнечно,"25-40 лет, женщины",3.8
2024-05-22,Product368,Косметика,93,664.89,Бесплатная доставка,Социальные сети,Пасмурно,"18-25 лет, мужчины",5.0
2024-05-22,Product369,Одежда,55,813.44,20%,Социальные сети,Снег,"25-40 лет, женщины",4.5
2024-05-22,Product370,Электроника,52,875.87,Бесплатная доставка,Рекламная кампания,Пасмурно,Семейные покупатели,5.0
2024-05-22,Product371,Одежда,47,635.01,30%,Социальные сети,Пасмурно,"25-40 лет, женщины",4.5
2024-05-22,Product372,Косметика,40,821.49,20%,Социальные сети,Снег,"25-40 лет, женщины",4.5
2024-05-22,Product373,Косметика,5,685.59,30%,Скидочные купоны,Снег,40+,4.2
2024-05-22,Product374,Электроника,4,686.91,20%,Социальные сети,Снег,Семейные покупатели,3.8
2024-05-22,Product375,Электроника,49,335.55,30%,Рекламная кампания,Дождь,"25-40 лет, женщины",3.8
2024-05-22,Product376,Продукты питания,57,428.33,Бесплатная доставка,Рекламная кампания,Снег,"25-40 лет, женщины",4.5
2024-05-22,Product377,Одежда,68,829.25,10%,Рекламная кампания,Снег,Семейные покупатели,3.8
2024-05-22,Product378,Косметика,14,221.32,Бесплатная доставка,Рекламная кампания,Дождь,"18-25 лет, мужчины",4.5
2024-05-22,Product379,Косметика,18,284.83,10%,Социальные сети,Дождь,40+,3.8
2024-05-22,Product380,Одежда,96,374.88,Бесплатная доставка,Рекламная кампания,Снег,"18-25 лет, мужчины",5.0
2024-05-22,Product381,Продукты питания,10,416.78,30%,Рекламная кампания,Дождь,Семейные покупатели,5.0
2024-05-22,Product382,Косметика,82,186.56,30%,Email-рассылка,Солнечно,"25-40 лет, женщины",4.5
2024-05-22,Product383,Одежда,94,896.14,30%,Рекламная кампания,Солнечно,40+,3.8
2024-05-22,Product384,Косметика,76,895.18,Бесплатная доставка,Email-рассылка,Снег,Семейные покупатели,5.0
2024-05-22,Product385,Продукты питания,13,370.59,10%,Рекламная кампания,Солнечно,40+,5.0
2024-05-22,Product386,Одежда,70,592.8,30%,Email-рассылка,Пасмурно,"25-40 лет, женщины",5.0
2024-05-22,Product387,Продукты питания,87,68.35,10%,Скидочные купоны,Солнечно,"18-25 лет, мужчины",4.5
2024-05-22,Product388,Электроника,11,467.29,20%,Email-рассылка,Дождь,Семейные покупатели,5.0
2024-05-22,Product389,Продукты питания,78,604.84,Бесплатная доставка,Социальные сети,Солнечно,Семейные покупатели,4.2
2024-05-22,Product390,Косметика,77,577.37,10%,Социальные сети,Пасмурно,"25-40 лет, женщины",4.2
2024-05-22,Product391,Косметика,46,173.49,30%,Социальные сети,Солнечно,40+,5.0
2024-05-22,Product392,Косметика,34,722.3,30%,Скидочные купоны,Дождь,"25-40 лет, женщины",4.2
2024-05-22,Product393,Косметика,86,179.1,10%,Email-рассылка,Солнечно,Семейные покупатели,4.2
2024-05-22,Product394,Электроника,26,145.87,30%,Рекламная кампания,Дождь,Семейные покупатели,3.8
2024-05-22,Product395,Электроника,52,475.79,20%,Скидочные купоны,Пасмурно,Семейные покупатели,5.0
2024-05-22,Product396,Одежда,70,359.79,20%,Социальные сети,Дождь,"25-40 лет, женщины",4.5
2024-05-22,Product397,Одежда,86,353.89,20%,Email-рассылка,Солнечно,Семейные покупатели,4.5
2024-05-22,Product398,Одежда,39,453.19,10%,Email-рассылка,Солнечно,Семейные покупатели,5.0
2024-05-22,Product399,Косметика,45,888.7,Бесплатная доставка,Скидочные купоны,Пасмурно,Семейные покупатели,4.5
2024-05-22,Product400,Одежда,34,370.0,10%,Email-рассылка,Пасмурно,Семейные покупатели,4.2
2024-05-22,Product401,Продукты питания,4,998.19,Бесплатная доставка,Email-рассылка,Пасмурно,Семейные покупатели,4.2
2024-05-22,Product402,Электроника,31,989.43,20%,Скидочные купоны,Солнечно,"18-25 лет, мужчины",4.2
2024-05-22,Product403,Косметика,82,63.71,20%,Скидочные купоны,Снег,Семейные покупатели,3.8
2024-05-22,Product404,Косметика,4,555.19,30%,Социальные сети,Дождь,40+,4.5
2024-05-22,Product405,Электроника,99,297.18,Бесплатная доставка,Социальные сети,Снег,40+,4.5
2024-05-22,Product406,Продукты питания,24,159.14,10%,Рекламная кампания,Пасмурно,Семейные покупатели,5.0
2024-05-22,Product407,Одежда,96,421.82,Бесплатная доставка,Email-рассылка,Дождь,Семейные покупатели,4.2
2024-05-22,Product408,Электроника,84,861.72,20%,Рекламная кампания,Снег,"25-40 лет, женщины",4.5
2024-05-22,Product409,Одежда,27,739.72,30%,Скидочные купоны,Солнечно,"25-40 лет, женщины",3.8
2024-05-22,Product410,Продукты питания,87,33.86,Бесплатная доставка,Email-рассылка,Дождь,40+,5.0
2024-05-22,Product411,Косметика,94,310.53,20%,Email-рассылка,Снег,Семейные покупатели,4.5
2024-05-22,Product412,Продукты питания,9,908.38,20%,Скидочные купоны,Пасмурно,"18-25 лет, мужчины",3.8
2024-05-22,Product413,Косметика,24,934.65,Бесплатная доставка,Скидочные купоны,Снег,"25-40 лет, женщины",5.0
2024-05-22,Product414,Одежда,65,419.32,30%,Email-рассылка,Снег,"18-25 лет, мужчины",3.8
2024-05-22,Product415,Электроника,58,337.28,Бесплатная доставка,Социальные сети,Пасмурно,"18-25 лет, мужчины",3.8
2024-05-22,Product416,Продукты питания,10,958.8,30%,Скидочные купоны,Дождь,"25-40 лет, женщины",4.5
2024-05-22,Product417,Электроника,56,608.25,30%,Email-рассылка,Солнечно,Семейные покупатели,4.2
2024-05-22,Product418,Электроника,15,989.74,20%,Социальные сети,Снег,40+,3.8
2024-05-22,Product419,Продукты питания,47,863.51,Бесплатная доставка,Скидочные купоны,Солнечно,40+,4.2
2024-05-22,Product420,Продукты питания,29,84.7,30%,Социальные сети,Снег,"25-40 лет, женщины",4.5
2024-05-22,Product421,Продукты питания,64,276.61,10%,Рекламная кампания,Пасмурно,"18-25 лет, мужчины",4.2
2024-05-22,Product422,Продукты питания,19,13.2,10%,Социальные сети,Пасмурно,"18-25 лет, мужчины",4.5
2024-05-22,Product423,Продукты питания,57,188.42,20%,Скидочные купоны,Солнечно,40+,5.0
2024-05-22,Product424,Продукты питания,37,210.01,30%,Email-рассылка,Снег,40+,4.2
2024-05-22,Product425,Одежда,20,172.17,20%,Email-рассылка,Дождь,Семейные покупатели,5.0
2024-05-22,Product426,Продукты питания,64,794.13,20%,Email-рассылка,Снег,40+,3.8
2024-05-22,Product427,Косметика,60,269.37,20%,Рекламная кампания,Пасмурно,"18-25 лет, мужчины",3.8
2024-05-22,Product428,Продукты питания,9,522.64,10%,Скидочные купоны,Снег,Семейные покупатели,4.5
2024-05-22,Product429,Электроника,8,387.58,10%,Рекламная кампания,Снег,"18-25 лет, мужчины",3.8
2024-05-22,Product430,Электроника,75,136.16,10%,Email-рассылка,Пасмурно,Семейные покупатели,5.0
2024-05-22,Product431,Одежда,95,999.79,Бесплатная доставка,Рекламная кампания,Солнечно,Семейные покупатели,4.2
2024-05-22,Product432,Продукты питания,5,102.34,Бесплатная доставка,Социальные сети,Дождь,"18-25 лет, мужчины",5.0
2024-05-22,Product433,Косметика,25,143.56,Бесплатная доставка,Социальные сети,Солнечно,40+,4.5
2024-05-22,Product434,Электроника,56,358.8,30%,Социальные сети,Пасмурно,"18-25 лет, мужчины",3.8
2024-05-22,Product435,Электроника,31,459.64,30%,Email-рассылка,Солнечно,"25-40 лет, женщины",4.2
2024-05-22,Product436,Одежда,33,842.68,10%,Email-рассылка,Пасмурно,40+,4.5
2024-05-22,Product437,Продукты питания,17,715.86,10%,Скидочные купоны,Снег,"25-40 лет, женщины",3.8
2024-05-22,Product438,Электроника,88,647.21,20%,Рекламная кампания,Дождь,Семейные покупатели,4.2
2024-05-22,Product439,Электроника,79,885.75,30%,Рекламная кампания,Пасмурно,40+,3.8
2024-05-22,Product440,Электроника,84,213.2,Бесплатная доставка,Социальные сети,Снег,40+,4.5
2024-05-22,Product441,Косметика,57,189.4,Бесплатная доставка,Email-рассылка,Снег,"18-25 лет, мужчины",5.0
2024-05-22,Product442,Электроника,99,262.68,20%,Email-рассылка,Дождь,"18-25 лет, мужчины",5.0
2024-05-22,Product443,Продукты питания,66,427.07,Бесплатная доставка,Рекламная кампания,Пасмурно,40+,4.2
2024-05-22,Product444,Косметика,46,830.16,Бесплатная доставка,Социальные сети,Солнечно,"25-40 лет, женщины",4.5
2024-05-22,Product445,Продукты питания,99,299.56,10%,Рекламная кампания,Снег,"18-25 лет, мужчины",4.2
2024-05-22,Product446,Косметика,58,71.0,30%,Email-рассылка,Пасмурно,40+,5.0
2024-05-22,Product447,Электроника,5,293.97,30%,Email-рассылка,Снег,"25-40 лет, женщины",3.8
2024-05-22,Product448,Косметика,54,756.46,30%,Скидочные купоны,Солнечно,40+,4.2
2024-05-22,Product449,Косметика,3,703.72,20%,Рекламная кампания,Солнечно,"18-25 лет, мужчины",5.0
2024-05-22,Product450,Продукты питания,36,535.37,Бесплатная доставка,Email-рассылка,Солнечно,"25-40 лет, женщины",3.8
2024-05-22,Product451,Косметика,13,466.78,10%,Социальные сети,Солнечно,Семейные покупатели,4.5
2024-05-22,Product452,Одежда,71,401.98,Бесплатная доставка,Рекламная кампания,Снег,Семейные покупатели,3.8
2024-05-22,Product453,Косметика,89,809.43,20%,Социальные сети,Дождь,"18-25 лет, мужчины",3.8
2024-05-22,Product454,Косметика,44,93.26,10%,Рекламная кампания,Снег,Семейные покупатели,4.5
2024-05-22,Product455,Электроника,68,759.93,10%,Скидочные купоны,Снег,"25-40 лет, женщины",5.0
2024-05-22,Product456,Одежда,27,830.06,30%,Скидочные купоны,Солнечно,40+,3.8
2024-05-22,Product457,Продукты питания,8,659.7,30%,Email-рассылка,Пасмурно,"18-25 лет, мужчины",4.5
2024-05-22,Product458,Одежда,16,185.83,20%,Email-рассылка,Пасмурно,Семейные покупатели,4.2
2024-05-22,Product459,Электроника,58,666.14,20%,Социальные сети,Пасмурно,40+,4.5
2024-05-22,Product460,Одежда,14,957.63,Бесплатная доставка,Социальные сети,Дождь,"18-25 лет, мужчины",4.2
2024-05-22,Product461,Косметика,79,48.86,30%,Рекламная кампания,Солнечно,Семейные покупатели,5.0
2024-05-22,Product462,Косметика,16,417.22,10%,Скидочные купоны,Солнечно,40+,4.2
2024-05-22,Product463,Электроника,89,750.49,20%,Рекламная кампания,Солнечно,40+,3.8
2024-05-22,Product464,Косметика,24,147.63,10%,Рекламная кампания,Снег,40+,5.0
2024-05-22,Product465,Продукты питания,40,249.53,30%,Социальные сети,Солнечно,"25-40 лет, женщины",4.2
2024-05-22,Product466,Одежда,66,490.01,10%,Рекламная кампания,Пасмурно,Семейные покупатели,3.8
2024-05-22,Product467,Одежда,92,333.09,10%,Скидочные купоны,Снег,"25-40 лет, женщины",4.2
2024-05-22,Product468,Электроника,77,467.04,20%,Email-рассылка,Пасмурно,40+,5.0
2024-05-22,Product469,Электроника,25,487.44,Бесплатная доставка,Скидочные купоны,Снег,"18-25 лет, мужчины",3.8
2024-05-22,Product470,Электроника,70,820.17,Бесплатная доставка,Email-рассылка,Пасмурно,"18-25 лет, мужчины",3.8
2024-05-22,Product471,Косметика,38,850.79,30%,Рекламная кампания,Солнечно,"25-40 лет, женщины",3.8
2024-05-22,Product472,Косметика,90,518.76,30%,Рекламная кампания,Солнечно,40+,5.0
2024-05-22,Product473,Косметика,58,201.79,30%,Скидочные купоны,Солнечно,Семейные покупатели,3.8
2024-05-22,Product474,Электроника,52,660.7,30%,Email-рассылка,Снег,"18-25 лет, мужчины",3.8
2024-05-22,Product475,Одежда,69,325.05,20%,Скидочные купоны,Дождь,"25-40 лет, женщины",4.5
2024-05-22,Product476,Косметика,15,425.43,30%,Рекламная кампания,Дождь,"18-25 лет, мужчины",4.2
2024-05-22,Product477,Косметика,28,850.99,30%,Рекламная кампания,Пасмурно,"18-25 лет, мужчины",4.2
2024-05-22,Product478,Одежда,70,438.32,20%,Скидочные купоны,Пасмурно,Семейные покупатели,3.8
2024-05-22,Product479,Косметика,41,200.8,20%,Email-рассылка,Пасмурно,"25-40 лет, женщины",4.2
2024-05-22,Product480,Электроника,15,41.38,10%,Рекламная кампания,Пасмурно,40+,3.8
2024-05-22,Product481,Одежда,55,424.65,Бесплатная доставка,Рекламная кампания,Пасмурно,Семейные покупатели,3.8
2024-05-22,Product482,Продукты питания,55,367.89,Бесплатная доставка,Рекламная кампания,Солнечно,40+,4.2
2024-05-22,Product483,Продукты питания,93,35.81,30%,Email-рассылка,Снег,Семейные покупатели,4.2
2024-05-22,Product484,Косметика,95,380.54,Бесплатная доставка,Рекламная кампания,Дождь,Семейные покупатели,4.5
2024-05-22,Product485,Электроника,40,955.12,10%,Рекламная кампания,Солнечно,Семейные покупатели,5.0
2024-05-22,Product486,Электроника,6,797.65,10%,Социальные сети,Дождь,"18-25 лет, мужчины",5.0
2024-05-22,Product487,Электроника,2,759.09,20%,Рекламная кампания,Дождь,40+,4.5
2024-05-22,Product488,Одежда,72,458.28,Бесплатная доставка,Email-рассылка,Солнечно,Семейные покупатели,4.5
2024-05-22,Product489,Электроника,12,526.12,20%,Социальные сети,Снег,40+,3.8
2024-05-22,Product490,Косметика,48,445.21,20%,Скидочные купоны,Солнечно,"25-40 лет, женщины",5.0
2024-05-22,Product491,Косметика,5,319.22,10%,Email-рассылка,Солнечно,"25-40 лет, женщины",3.8
2024-05-22,Product492,Электроника,17,381.43,30%,Скидочные купоны,Дождь,Семейные покупатели,5.0
2024-05-22,Product493,Косметика,1,761.06,Бесплатная доставка,Социальные сети,Солнечно,"18-25 лет, мужчины",3.8
2024-05-22,Product494,Электроника,53,305.66,10%,Рекламная кампания,Дождь,"18-25 лет, мужчины",5.0
2024-05-22,Product495,Одежда,5,656.02,10%,Скидочные купоны,Пасмурно,"25-40 лет, женщины",4.5
2024-05-22,Product496,Одежда,61,367.2,30%,Социальные сети,Солнечно,"18-25 лет, мужчины",3.8
2024-05-22,Product497,Косметика,99,722.77,10%,Скидочные купоны,Снег,"18-25 лет, мужчины",5.0
2024-05-22,Product498,Одежда,33,456.78,10%,Скидочные купоны,Солнечно,Семейные покупатели,4.5
2024-05-22,Product499,Продукты питания,61,335.63,20%,Скидочные купоны,Снег,"18-25 лет, мужчины",4.5
2024-05-22,Product500,Косметика,61,914.56,30%,Социальные сети,Снег,Семейные покупатели,4.5
2024-05-22,Product501,Косметика,12,863.43,10%,Социальные сети,Солнечно,Семейные покупатели,3.8
2024-05-22,Product502,Продукты питания,83,194.03,10%,Социальные сети,Дождь,"18-25 лет, мужчины",4.5
2024-05-22,Product503,Продукты питания,55,124.74,30%,Email-рассылка,Пасмурно,40+,5.0
2024-05-22,Product504,Электроника,97,382.32,30%,Рекламная кампания,Солнечно,"18-25 лет, мужчины",3.8
2024-05-22,Product505,Косметика,25,226.47,Бесплатная доставка,Социальные сети,Дождь,"18-25 лет, мужчины",4.2
2024-05-22,Product506,Косметика,17,142.31,30%,Социальные сети,Дождь,40+,5.0
2024-05-22,Product507,Продукты питания,93,369.45,10%,Скидочные купоны,Дождь,"18-25 лет, мужчины",4.2
2024-05-22,Product508,Электроника,45,427.61,10%,Рекламная кампания,Дождь,Семейные покупатели,4.5
2024-05-22,Product509,Электроника,39,567.68,20%,Скидочные купоны,Дождь,"25-40 лет, женщины",4.5
2024-05-22,Product510,Продукты питания,50,421.88,20%,Скидочные купоны,Снег,Семейные покупатели,5.0
2024-05-22,Product511,Продукты питания,95,667.98,10%,Рекламная кампания,Снег,Семейные покупатели,4.2
2024-05-22,Product512,Электроника,24,951.04,20%,Email-рассылка,Пасмурно,"25-40 лет, женщины",3.8
2024-05-22,Product513,Косметика,51,390.88,20%,Социальные сети,Дождь,"25-40 лет, женщины",4.5
2024-05-22,Product514,Одежда,45,842.6,20%,Социальные сети,Дождь,"25-40 лет, женщины",5.0
2024-05-22,Product515,Электроника,15,173.24,30%,Рекламная кампания,Пасмурно,Семейные покупатели,4.5
2024-05-22,Product516,Косметика,96,992.25,20%,Социальные сети,Дождь,"25-40 лет, женщины",4.5
2024-05-22,Product517,Одежда,13,839.28,20%,Email-рассылка,Пасмурно,40+,4.2
2024-05-22,Product518,Электроника,68,925.03,Бесплатная доставка,Социальные сети,Дождь,"18-25 лет, мужчины",4.5
2024-05-22,Product519,Косметика,29,509.36,Бесплатная доставка,Социальные сети,Пасмурно,"25-40 лет, женщины",4.5
2024-05-22,Product520,Продукты питания,80,605.74,10%,Email-рассылка,Солнечно,"18-25 лет, мужчины",5.0
2024-05-22,Product521,Косметика,38,510.13,30%,Социальные сети,Снег,"25-40 лет, женщины",3.8
2024-05-22,Product522,Косметика,71,907.0,30%,Социальные сети,Солнечно,"18-25 лет, мужчины",4.2
2024-05-22,Product523,Продукты питания,93,32.0,20%,Email-рассылка,Дождь,Семейные покупатели,4.2
2024-05-22,Product524,Продукты питания,18,500.79,20%,Рекламная кампания,Солнечно,"25-40 лет, женщины",5.0
2024-05-22,Product525,Косметика,100,600.68,30%,Рекламная кампания,Пасмурно,"18-25 лет, мужчины",5.0
2024-05-22,Product526,Одежда,76,438.91,10%,Социальные сети,Дождь,"18-25 лет, мужчины",3.8
2024-05-22,Product527,Косметика,65,401.91,Бесплатная доставка,Email-рассылка,Пасмурно,Семейные покупатели,4.2
2024-05-22,Product528,Одежда,62,977.52,10%,Email-рассылка,Солнечно,"18-25 лет, мужчины",5.0
2024-05-22,Product529,Продукты питания,14,337.68,30%,Социальные сети,Снег,"25-40 лет, женщины",4.5
2024-05-22,Product530,Одежда,29,208.94,20%,Email-рассылка,Солнечно,40+,4.5
2024-05-22,Product531,Косметика,87,355.0,Бесплатная доставка,Email-рассылка,Солнечно,"25-40 лет, женщины",4.5
2024-05-22,Product532,Косметика,89,32.1,Бесплатная доставка,Email-рассылка,Солнечно,"18-25 лет, мужчины",3.8
2024-05-22,Product533,Косметика,42,282.71,20%,Социальные сети,Солнечно,40+,3.8
2024-05-22,Product534,Продукты питания,1,378.71,30%,Рекламная кампания,Дождь,"18-25 лет, мужчины",4.2
2024-05-22,Product535,Одежда,49,188.59,10%,Скидочные купоны,Пасмурно,40+,5.0
2024-05-22,Product536,Продукты питания,50,634.69,30%,Рекламная кампания,Пасмурно,"18-25 лет, мужчины",5.0
2024-05-22,Product537,Косметика,26,812.42,10%,Скидочные купоны,Пасмурно,40+,4.2
2024-05-22,Product538,Одежда,25,78.88,10%,Скидочные купоны,Солнечно,Семейные покупатели,5.0
2024-05-22,Product539,Одежда,5,465.99,20%,Рекламная кампания,Снег,Семейные покупатели,4.2
2024-05-22,Product540,Продукты питания,55,803.16,30%,Социальные сети,Солнечно,"25-40 лет, женщины",4.5
2024-05-22,Product541,Электроника,5,867.57,30%,Скидочные купоны,Солнечно,Семейные покупатели,4.2
2024-05-22,Product542,Продукты питания,10,654.76,20%,Социальные сети,Солнечно,"25-40 лет, женщины",3.8
2024-05-22,Product543,Электроника,97,289.64,10%,Скидочные купоны,Дождь,40+,5.0
2024-05-22,Product544,Электроника,27,987.44,30%,Email-рассылка,Солнечно,"18-25 лет, мужчины",4.2
2024-05-22,Product545,Одежда,79,578.64,30%,Скидочные купоны,Снег,40+,5.0
2024-05-22,Product546,Электроника,82,546.04,10%,Рекламная кампания,Дождь,"25-40 лет, женщины",4.2
2024-05-22,Product547,Продукты питания,87,894.54,30%,Email-рассылка,Пасмурно,Семейные покупатели,5.0
2024-05-22,Product548,Продукты питания,67,207.7,30%,Скидочные купоны,Дождь,40+,4.2
2024-05-22,Product549,Одежда,88,406.08,20%,Рекламная кампания,Снег,"18-25 лет, мужчины",5.0
2024-05-22,Product550,Косметика,4,416.26,30%,Социальные сети,Солнечно,Семейные покупатели,5.0
2024-05-22,Product551,Продукты питания,39,539.92,20%,Рекламная кампания,Пасмурно,"18-25 лет, мужчины",4.5
2024-05-22,Product552,Косметика,42,599.76,10%,Email-рассылка,Солнечно,"18-25 лет, мужчины",4.5
2024-05-22,Product553,Одежда,18,816.12,20%,Email-рассылка,Дождь,"18-25 лет, мужчины",4.2
2024-05-22,Product554,Одежда,76,597.89,20%,Социальные сети,Солнечно,"18-25 лет, мужчины",3.8
2024-05-22,Product555,Продукты питания,73,208.81,Бесплатная доставка,Социальные сети,Дождь,40+,3.8
2024-05-22,Product556,Электроника,35,231.02,10%,Email-рассылка,Дождь,Семейные покупатели,3.8
2024-05-22,Product557,Одежда,3,210.46,20%,Скидочные купоны,Солнечно,40+,3.8
2024-05-22,Product558,Электроника,95,255.09,Бесплатная доставка,Социальные сети,Солнечно,"25-40 лет, женщины",3.8
2024-05-22,Product559,Одежда,89,190.51,Бесплатная доставка,Скидочные купоны,Пасмурно,"25-40 лет, женщины",3.8
2024-05-22,Product560,Продукты питания,16,245.4,30%,Email-рассылка,Пасмурно,40+,5.0
2024-05-22,Product561,Косметика,42,878.32,20%,Социальные сети,Солнечно,Семейные покупатели,4.5
2024-05-22,Product562,Электроника,44,834.27,10%,Рекламная кампания,Пасмурно,40+,4.5
2024-05-22,Product563,Электроника,37,924.69,Бесплатная доставка,Социальные сети,Дождь,Семейные покупатели,5.0
2024-05-22,Product564,Продукты питания,35,275.94,20%,Скидочные купоны,Солнечно,40+,4.5
2024-05-22,Product565,Продукты питания,78,153.43,30%,Скидочные купоны,Солнечно,"18-25 лет, мужчины",3.8
2024-05-22,Product566,Одежда,45,496.24,Бесплатная доставка,Социальные сети,Пасмурно,Семейные покупатели,5.0
2024-05-22,Product567,Электроника,55,589.78,10%,Рекламная кампания,Пасмурно,"25-40 лет, женщины",4.2
2024-05-22,Product568,Одежда,90,122.75,Бесплатная доставка,Email-рассылка,Снег,"25-40 лет, женщины",4.5
2024-05-22,Product569,Косметика,70,753.3,10%,Рекламная кампания,Солнечно,Семейные покупатели,3.8
2024-05-22,Product570,Электроника,59,835.98,20%,Социальные сети,Дождь,"18-25 лет, мужчины",5.0
2024-05-22,Product571,Косметика,94,901.8,20%,Социальные сети,Солнечно,"25-40 лет, женщины",4.2
2024-05-22,Product572,Одежда,40,611.4,Бесплатная доставка,Email-рассылка,Пасмурно,40+,3.8
2024-05-22,Product573,Продукты питания,30,124.87,Бесплатная доставка,Рекламная кампания,Дождь,"25-40 лет, женщины",3.8
2024-05-22,Product574,Продукты питания,2,601.43,20%,Социальные сети,Дождь,"25-40 лет, женщины",3.8
2024-05-22,Product575,Электроника,88,109.56,20%,Рекламная кампания,Дождь,Семейные покупатели,4.5
2024-05-22,Product576,Одежда,12,187.42,Бесплатная доставка,Рекламная кампания,Дождь,"18-25 лет, мужчины",3.8
2024-05-22,Product577,Электроника,81,46.06,20%,Социальные сети,Снег,"18-25 лет, мужчины",3.8
2024-05-22,Product578,Одежда,57,797.08,10%,Email-рассылка,Дождь,"25-40 лет, женщины",4.5
2024-05-22,Product579,Косметика,32,37.25,20%,Скидочные купоны,Дождь,Семейные покупатели,5.0
2024-05-22,Product580,Электроника,91,828.65,20%,Скидочные купоны,Дождь,40+,3.8
2024-05-22,Product581,Электроника,94,597.84,30%,Email-рассылка,Дождь,Семейные покупатели,4.2
2024-05-22,Product582,Одежда,82,801.56,Бесплатная доставка,Рекламная кампания,Солнечно,"18-25 лет, мужчины",5.0
2024-05-22,Product583,Косметика,64,958.84,Бесплатная доставка,Скидочные купоны,Пасмурно,"18-25 лет, мужчины",3.8
2024-05-22,Product584,Продукты питания,80,87.85,10%,Социальные сети,Солнечно,"18-25 лет, мужчины",5.0
2024-05-22,Product585,Одежда,44,874.85,Бесплатная доставка,Рекламная кампания,Солнечно,"18-25 лет, мужчины",3.8
2024-05-22,Product586,Косметика,50,823.49,10%,Социальные сети,Снег,"18-25 лет, мужчины",4.2
2024-05-22,Product587,Одежда,64,480.23,20%,Email-рассылка,Солнечно,"18-25 лет, мужчины",5.0
2024-05-22,Product588,Продукты питания,43,883.05,20%,Скидочные купоны,Пасмурно,"18-25 лет, мужчины",3.8
2024-05-22,Product589,Электроника,96,568.95,10%,Рекламная кампания,Солнечно,40+,3.8
2024-05-22,Product590,Косметика,25,639.66,30%,Социальные сети,Солнечно,40+,3.8
2024-05-22,Product591,Косметика,62,289.34,20%,Рекламная кампания,Солнечно,"25-40 лет, женщины",4.5
2024-05-22,Product592,Косметика,99,786.29,20%,Email-рассылка,Снег,40+,4.5
2024-05-22,Product593,Одежда,71,279.64,10%,Скидочные купоны,Снег,40+,4.2
2024-05-22,Product594,Продукты питания,45,522.81,Бесплатная доставка,Email-рассылка,Пасмурно,40+,5.0
2024-05-22,Product595,Одежда,10,280.1,20%,Email-рассылка,Пасмурно,"25-40 лет, женщины",3.8
2024-05-22,Product596,Продукты питания,34,330.26,20%,Скидочные купоны,Дождь,"18-25 лет, мужчины",5.0
2024-05-22,Product597,Продукты питания,40,324.83,30%,Рекламная кампания,Дождь,"18-25 лет, мужчины",4.5
2024-05-22,Product598,Электроника,43,766.6,10%,Рекламная кампания,Снег,"18-25 лет, мужчины",4.2
2024-05-22,Product599,Косметика,44,154.94,20%,Социальные сети,Дождь,40+,4.2
2024-05-22,Product600,Электроника,86,779.77,Бесплатная доставка,Рекламная кампания,Снег,Семейные покупатели,4.5
2024-05-22,Product601,Косметика,24,536.85,Бесплатная доставка,Email-рассылка,Дождь,Семейные покупатели,3.8
2024-05-22,Product602,Косметика,50,835.36,Бесплатная доставка,Email-рассылка,Солнечно,"25-40 лет, женщины",4.5
2024-05-22,Product603,Одежда,72,748.97,10%,Скидочные купоны,Солнечно,40+,4.5
2024-05-22,Product604,Одежда,59,313.8,10%,Скидочные купоны,Пасмурно,"18-25 лет, мужчины",4.2
2024-05-22,Product605,Косметика,81,60.66,30%,Рекламная кампания,Пасмурно,Семейные покупатели,4.2
2024-05-22,Product606,Одежда,3,538.45,10%,Социальные сети,Снег,Семейные покупатели,3.8
2024-05-22,Product607,Косметика,1,228.24,20%,Рекламная кампания,Пасмурно,Семейные покупатели,3.8
2024-05-22,Product608,Продукты питания,22,928.27,20%,Email-рассылка,Пасмурно,40+,4.2
2024-05-22,Product609,Косметика,88,694.15,Бесплатная доставка,Рекламная кампания,Снег,"25-40 лет, женщины",3.8
2024-05-22,Product610,Одежда,80,390.74,Бесплатная доставка,Email-рассылка,Дождь,Семейные покупатели,3.8
2024-05-22,Product611,Продукты питания,25,800.78,Бесплатная доставка,Скидочные купоны,Солнечно,"25-40 лет, женщины",3.8
2024-05-22,Product612,Одежда,62,515.03,Бесплатная доставка,Скидочные купоны,Дождь,40+,5.0
2024-05-22,Product613,Одежда,8,55.97,20%,Скидочные купоны,Дождь,Семейные покупатели,4.5
2024-05-22,Product614,Продукты питания,7,102.74,10%,Скидочные купоны,Пасмурно,"25-40 лет, женщины",5.0
2024-05-22,Product615,Косметика,86,216.97,20%,Скидочные купоны,Солнечно,Семейные покупатели,5.0
2024-05-22,Product616,Электроника,6,926.16,10%,Email-рассылка,Дождь,"25-40 лет, женщины",4.5
2024-05-22,Product617,Продукты питания,42,907.02,10%,Email-рассылка,Снег,40+,5.0
2024-05-22,Product618,Электроника,85,418.65,20%,Рекламная кампания,Пасмурно,40+,3.8
2024-05-22,Product619,Одежда,78,678.16,10%,Email-рассылка,Солнечно,"18-25 лет, мужчины",3.8
2024-05-22,Product620,Продукты питания,68,141.71,10%,Социальные сети,Снег,Семейные покупатели,4.2
2024-05-22,Product621,Электроника,84,875.6,20%,Скидочные купоны,Дождь,40+,4.2
2024-05-22,Product622,Косметика,19,517.62,Бесплатная доставка,Email-рассылка,Пасмурно,"25-40 лет, женщины",3.8
2024-05-22,Product623,Одежда,46,858.15,30%,Email-рассылка,Солнечно,"25-40 лет, женщины",4.5
2024-05-22,Product624,Электроника,70,140.99,20%,Рекламная кампания,Пасмурно,40+,5.0
2024-05-22,Product625,Косметика,2,858.04,10%,Скидочные купоны,Пасмурно,"25-40 лет, женщины",4.2
2024-05-22,Product626,Продукты питания,68,648.31,Бесплатная доставка,Email-рассылка,Дождь,"25-40 лет, женщины",4.5
2024-05-22,Product627,Продукты питания,30,568.36,Бесплатная доставка,Социальные сети,Снег,Семейные покупатели,5.0
2024-05-22,Product628,Одежда,29,855.54,10%,Социальные сети,Дождь,"25-40 лет, женщины",4.5
2024-05-22,Product629,Продукты питания,89,364.27,10%,Рекламная кампания,Дождь,"25-40 лет, женщины",4.2
2024-05-22,Product630,Электроника,37,468.69,30%,Email-рассылка,Солнечно,40+,4.5
2024-05-22,Product631,Продукты питания,86,648.08,20%,Социальные сети,Пасмурно,"18-25 лет, мужчины",4.2
2024-05-22,Product632,Одежда,24,926.51,30%,Рекламная кампания,Снег,Семейные покупатели,4.2
2024-05-22,Product633,Одежда,62,357.12,Бесплатная доставка,Email-рассылка,Пасмурно,Семейные покупатели,4.2
2024-05-22,Product634,Косметика,81,725.02,Бесплатная доставка,Скидочные купоны,Дождь,40+,3.8
2024-05-22,Product635,Одежда,28,285.29,30%,Рекламная кампания,Пасмурно,"18-25 лет, мужчины",4.2
2024-05-22,Product636,Одежда,93,581.68,20%,Скидочные купоны,Пасмурно,"25-40 лет, женщины",4.2
2024-05-22,Product637,Одежда,32,570.95,10%,Социальные сети,Пасмурно,Семейные покупатели,4.2
2024-05-22,Product638,Продукты питания,9,929.2,10%,Рекламная кампания,Солнечно,40+,5.0
2024-05-22,Product639,Косметика,84,131.54,20%,Социальные сети,Снег,40+,3.8
2024-05-22,Product640,Косметика,17,997.61,20%,Рекламная кампания,Пасмурно,Семейные покупатели,4.2
2024-05-22,Product641,Продукты питания,28,45.7,20%,Рекламная кампания,Снег,Семейные покупатели,4.2
2024-05-22,Product642,Продукты питания,86,105.59,30%,Скидочные купоны,Пасмурно,"25-40 лет, женщины",4.2
2024-05-22,Product643,Одежда,31,829.73,20%,Рекламная кампания,Дождь,40+,4.2
2024-05-22,Product644,Одежда,42,963.21,20%,Email-рассылка,Солнечно,"25-40 лет, женщины",4.5
2024-05-22,Product645,Одежда,25,996.94,20%,Социальные сети,Снег,40+,4.5
2024-05-22,Product646,Электроника,69,900.96,10%,Рекламная кампания,Солнечно,"25-40 лет, женщины",4.5
2024-05-22,Product647,Одежда,71,383.06,20%,Социальные сети,Пасмурно,40+,3.8
2024-05-22,Product648,Продукты питания,76,143.97,Бесплатная доставка,Email-рассылка,Снег,"25-40 лет, женщины",3.8
2024-05-22,Product649,Электроника,91,716.01,20%,Социальные сети,Солнечно,Семейные покупатели,3.8
2024-05-22,Product650,Продукты питания,93,628.99,30%,Скидочные купоны,Дождь,"25-40 лет, женщины",5.0
2024-05-22,Product651,Косметика,32,705.27,20%,Рекламная кампания,Пасмурно,40+,5.0
2024-05-22,Product652,Одежда,14,102.32,30%,Скидочные купоны,Снег,"25-40 лет, женщины",5.0
2024-05-22,Product653,Электроника,35,700.07,20%,Скидочные купоны,Пасмурно,Семейные покупатели,5.0
2024-05-22,Product654,Продукты питания,33,817.85,20%,Рекламная кампания,Пасмурно,40+,5.0
2024-05-22,Product655,Продукты питания,24,605.21,20%,Email-рассылка,Снег,Семейные покупатели,4.5
2024-05-22,Product656,Косметика,66,527.12,Бесплатная доставка,Скидочные купоны,Снег,40+,5.0
2024-05-22,Product657,Продукты питания,56,780.3,30%,Скидочные купоны,Пасмурно,40+,5.0
2024-05-22,Product658,Одежда,79,41.84,Бесплатная доставка,Email-рассылка,Пасмурно,40+,3.8
2024-05-22,Product659,Продукты питания,15,438.73,10%,Email-рассылка,Дождь,Семейные покупатели,5.0
2024-05-22,Product660,Косметика,24,638.91,20%,Социальные сети,Снег,40+,4.2
2024-05-22,Product661,Косметика,12,983.25,20%,Email-рассылка,Солнечно,"25-40 лет, женщины",3.8
2024-05-22,Product662,Продукты питания,36,17.55,20%,Социальные сети,Дождь,40+,3.8
2024-05-22,Product663,Продукты питания,81,982.42,10%,Скидочные купоны,Солнечно,40+,5.0
2024-05-22,Product664,Одежда,89,679.37,Бесплатная доставка,Рекламная кампания,Дождь,"25-40 лет, женщины",4.5
2024-05-22,Product665,Одежда,66,134.88,20%,Скидочные купоны,Дождь,"25-40 лет, женщины",3.8
2024-05-22,Product666,Одежда,59,743.12,10%,Социальные сети,Пасмурно,Семейные покупатели,4.2
2024-05-22,Product667,Косметика,8,698.36,30%,Социальные сети,Снег,40+,5.0
2024-05-22,Product668,Одежда,85,538.65,Бесплатная доставка,Рекламная кампания,Пасмурно,Семейные покупатели,4.2
2024-05-22,Product669,Электроника,18,198.14,30%,Скидочные купоны,Пасмурно,"25-40 лет, женщины",3.8
2024-05-22,Product670,Электроника,61,52.23,20%,Рекламная кампания,Снег,Семейные покупатели,4.2
2024-05-22,Product671,Электроника,16,782.5,10%,Рекламная кампания,Солнечно,"25-40 лет, женщины",5.0
2024-05-22,Product672,Продукты питания,38,323.26,30%,Email-рассылка,Пасмурно,40+,4.5
2024-05-22,Product673,Электроника,79,994.72,30%,Рекламная кампания,Пасмурно,40+,3.8
2024-05-22,Product674,Косметика,47,760.41,30%,Рекламная кампания,Солнечно,Семейные покупатели,4.2
2024-05-22,Product675,Одежда,3,511.31,30%,Рекламная кампания,Пасмурно,40+,5.0
2024-05-22,Product676,Косметика,57,583.72,10%,Социальные сети,Снег,40+,5.0
2024-05-22,Product677,Электроника,91,114.86,Бесплатная доставка,Email-рассылка,Снег,"18-25 лет, мужчины",5.0
2024-05-22,Product678,Продукты питания,56,149.67,Бесплатная доставка,Email-рассылка,Снег,40+,3.8
2024-05-22,Product679,Одежда,9,646.76,Бесплатная доставка,Рекламная кампания,Солнечно,"25-40 лет, женщины",4.2
2024-05-22,Product680,Электроника,6,354.9,30%,Социальные сети,Пасмурно,"25-40 лет, женщины",4.5
2024-05-22,Product681,Продукты питания,31,886.16,Бесплатная доставка,Email-рассылка,Снег,Семейные покупатели,5.0
2024-05-22,Product682,Одежда,33,483.0,10%,Скидочные купоны,Дождь,"25-40 лет, женщины",4.2
2024-05-22,Product683,Одежда,89,331.55,10%,Скидочные купоны,Дождь,Семейные покупатели,5.0
2024-05-22,Product684,Продукты питания,69,489.05,Бесплатная доставка,Email-рассылка,Пасмурно,"25-40 лет, женщины",5.0
2024-05-22,Product685,Продукты питания,64,752.01,20%,Скидочные купоны,Пасмурно,"25-40 лет, женщины",5.0
2024-05-22,Product686,Одежда,27,22.38,10%,Email-рассылка,Пасмурно,40+,4.2
2024-05-22,Product687,Электроника,13,751.67,20%,Email-рассылка,Снег,40+,4.2
2024-05-22,Product688,Одежда,56,823.12,20%,Скидочные купоны,Снег,40+,4.2
2024-05-22,Product689,Продукты питания,69,706.81,20%,Рекламная кампания,Дождь,"25-40 лет, женщины",5.0
2024-05-22,Product690,Электроника,67,248.58,20%,Рекламная кампания,Пасмурно,"18-25 лет, мужчины",5.0
2024-05-22,Product691,Электроника,38,716.63,10%,Социальные сети,Дождь,Семейные покупатели,4.2
2024-05-22,Product692,Продукты питания,69,344.1,20%,Скидочные купоны,Солнечно,"18-25 лет, мужчины",3.8
2024-05-22,Product693,Косметика,29,432.09,30%,Email-рассылка,Снег,Семейные покупатели,3.8
2024-05-22,Product694,Одежда,98,377.09,10%,Социальные сети,Пасмурно,"18-25 лет, мужчины",4.5
2024-05-22,Product695,Продукты питания,15,760.44,20%,Социальные сети,Солнечно,Семейные покупатели,5.0
2024-05-22,Product696,Одежда,60,683.84,30%,Email-рассылка,Солнечно,40+,5.0
2024-05-22,Product697,Электроника,81,244.06,30%,Скидочные купоны,Солнечно,"25-40 лет, женщины",5.0
2024-05-22,Product698,Одежда,7,244.44,20%,Скидочные купоны,Дождь,"25-40 лет, женщины",4.2
2024-05-22,Product699,Продукты питания,45,892.45,10%,Email-рассылка,Снег,"25-40 лет, женщины",5.0
2024-05-22,Product700,Одежда,9,761.54,Бесплатная доставка,Email-рассылка,Дождь,"18-25 лет, мужчины",3.8
2024-05-22,Product701,Продукты питания,56,462.45,20%,Email-рассылка,Солнечно,"25-40 лет, женщины",5.0
2024-05-22,Product702,Продукты питания,43,790.12,Бесплатная доставка,Социальные сети,Снег,40+,4.2
2024-05-22,Product703,Одежда,33,812.43,10%,Скидочные купоны,Пасмурно,40+,4.2
2024-05-22,Product704,Электроника,25,535.25,Бесплатная доставка,Скидочные купоны,Снег,"25-40 лет, женщины",4.5
2024-05-22,Product705,Косметика,92,711.47,30%,Социальные сети,Солнечно,"18-25 лет, мужчины",4.5
2024-05-22,Product706,Продукты питания,24,668.95,20%,Email-рассылка,Снег,40+,3.8
2024-05-22,Product707,Косметика,30,346.38,30%,Email-рассылка,Дождь,Семейные покупатели,4.5
2024-05-22,Product708,Косметика,98,995.25,10%,Скидочные купоны,Снег,"25-40 лет, женщины",5.0
2024-05-22,Product709,Одежда,62,678.53,20%,Скидочные купоны,Дождь,40+,4.5
2024-05-22,Product710,Одежда,45,935.27,30%,Социальные сети,Снег,40+,3.8
2024-05-22,Product711,Одежда,46,701.17,20%,Email-рассылка,Дождь,"18-25 лет, мужчины",5.0
2024-05-22,Product712,Косметика,2,29.18,20%,Email-рассылка,Дождь,"18-25 лет, мужчины",4.2
2024-05-22,Product713,Косметика,62,734.89,Бесплатная доставка,Социальные сети,Снег,"18-25 лет, мужчины",3.8
2024-05-22,Product714,Электроника,2,521.5,10%,Рекламная кампания,Дождь,Семейные покупатели,3.8
2024-05-22,Product715,Электроника,59,304.14,10%,Рекламная кампания,Дождь,"18-25 лет, мужчины",3.8
2024-05-22,Product716,Одежда,73,501.6,20%,Рекламная кампания,Дождь,Семейные покупатели,4.5
2024-05-22,Product717,Косметика,39,167.58,10%,Скидочные купоны,Солнечно,"25-40 лет, женщины",5.0
2024-05-22,Product718,Косметика,78,71.42,20%,Email-рассылка,Дождь,"25-40 лет, женщины",4.5
2024-05-22,Product719,Электроника,5,504.19,20%,Рекламная кампания,Солнечно,"18-25 лет, мужчины",5.0
2024-05-22,Product720,Электроника,57,388.19,Бесплатная доставка,Email-рассылка,Солнечно,Семейные покупатели,4.5
2024-05-22,Product721,Косметика,92,508.3,10%,Email-рассылка,Снег,"25-40 лет, женщины",4.2
2024-05-22,Product722,Одежда,76,592.63,30%,Email-рассылка,Снег,"18-25 лет, мужчины",5.0
2024-05-22,Product723,Электроника,33,97.3,30%,Социальные сети,Солнечно,"25-40 лет, женщины",3.8
2024-05-22,Product724,Одежда,10,468.13,Бесплатная доставка,Социальные сети,Снег,40+,5.0
2024-05-22,Product725,Косметика,70,118.64,20%,Рекламная кампания,Пасмурно,"25-40 лет, женщины",5.0
2024-05-22,Product726,Одежда,76,533.22,30%,Рекламная кампания,Дождь,Семейные покупатели,3.8
2024-05-22,Product727,Продукты питания,48,270.25,Бесплатная доставка,Email-рассылка,Снег,40+,5.0
2024-05-22,Product728,Косметика,85,729.33,30%,Скидочные купоны,Снег,"25-40 лет, женщины",4.2
2024-05-22,Product729,Электроника,40,401.01,20%,Скидочные купоны,Пасмурно,40+,4.5
2024-05-22,Product730,Одежда,86,94.37,10%,Социальные сети,Солнечно,Семейные покупатели,5.0
2024-05-22,Product731,Одежда,66,977.56,10%,Рекламная кампания,Дождь,40+,3.8
2024-05-22,Product732,Косметика,81,479.21,30%,Социальные сети,Пасмурно,"25-40 лет, женщины",3.8
2024-05-22,Product733,Продукты питания,42,642.05,20%,Скидочные купоны,Пасмурно,"18-25 лет, мужчины",4.2
2024-05-22,Product734,Продукты питания,28,700.56,10%,Скидочные купоны,Солнечно,"25-40 лет, женщины",5.0
2024-05-22,Product735,Электроника,59,400.43,10%,Email-рассылка,Снег,"18-25 лет, мужчины",3.8
2024-05-22,Product736,Электроника,18,988.62,Бесплатная доставка,Email-рассылка,Пасмурно,40+,5.0
2024-05-22,Product737,Продукты питания,30,658.81,20%,Скидочные купоны,Солнечно,"18-25 лет, мужчины",3.8
2024-05-22,Product738,Электроника,87,379.49,30%,Социальные сети,Снег,"18-25 лет, мужчины",5.0
2024-05-22,Product739,Электроника,90,637.54,30%,Email-рассылка,Пасмурно,"18-25 лет, мужчины",4.5
2024-05-22,Product740,Косметика,12,448.11,30%,Рекламная кампания,Солнечно,"18-25 лет, мужчины",3.8
2024-05-22,Product741,Косметика,89,627.68,Бесплатная доставка,Рекламная кампания,Пасмурно,Семейные покупатели,5.0
2024-05-22,Product742,Косметика,55,10.57,Бесплатная доставка,Социальные сети,Солнечно,"18-25 лет, мужчины",3.8
2024-05-22,Product743,Электроника,80,229.54,20%,Email-рассылка,Пасмурно,"25-40 лет, женщины",5.0
2024-05-22,Product744,Продукты питания,85,379.16,10%,Email-рассылка,Солнечно,40+,4.2
2024-05-22,Product745,Продукты питания,62,983.14,10%,Email-рассылка,Пасмурно,40+,3.8
2024-05-22,Product746,Косметика,90,230.33,20%,Социальные сети,Пасмурно,"18-25 лет, мужчины",3.8
2024-05-22,Product747,Одежда,71,362.89,30%,Рекламная кампания,Снег,"18-25 лет, мужчины",4.5
2024-05-22,Product748,Продукты питания,30,654.97,20%,Рекламная кампания,Пасмурно,"25-40 лет, женщины",3.8
2024-05-22,Product749,Электроника,91,721.19,30%,Скидочные купоны,Пасмурно,"18-25 лет, мужчины",5.0
2024-05-22,Product750,Косметика,91,868.63,10%,Социальные сети,Снег,"25-40 лет, женщины",4.5
2024-05-22,Product751,Косметика,63,824.93,10%,Скидочные купоны,Снег,"18-25 лет, мужчины",3.8
2024-05-22,Product752,Продукты питания,22,734.92,10%,Скидочные купоны,Солнечно,Семейные покупатели,5.0
2024-05-22,Product753,Косметика,2,419.37,Бесплатная доставка,Социальные сети,Солнечно,40+,3.8
2024-05-22,Product754,Одежда,86,84.67,30%,Рекламная кампания,Дождь,"18-25 лет, мужчины",4.2
2024-05-22,Product755,Электроника,76,203.47,30%,Рекламная кампания,Снег,"25-40 лет, женщины",5.0
2024-05-22,Product756,Продукты питания,1,64.91,10%,Рекламная кампания,Дождь,Семейные покупатели,3.8
2024-05-22,Product757,Одежда,52,160.16,30%,Email-рассылка,Снег,40+,3.8
2024-05-22,Product758,Косметика,91,853.77,Бесплатная доставка,Скидочные купоны,Снег,Семейные покупатели,3.8
2024-05-22,Product759,Косметика,16,696.05,10%,Социальные сети,Дождь,Семейные покупатели,3.8
2024-05-22,Product760,Электроника,85,982.75,10%,Email-рассылка,Дождь,"18-25 лет, мужчины",4.2
2024-05-22,Product761,Электроника,4,799.46,30%,Рекламная кампания,Дождь,Семейные покупатели,4.2
2024-05-22,Product762,Электроника,81,375.29,Бесплатная доставка,Скидочные купоны,Снег,"25-40 лет, женщины",4.5
2024-05-22,Product763,Электроника,100,695.89,10%,Рекламная кампания,Дождь,"25-40 лет, женщины",4.2
2024-05-22,Product764,Косметика,73,301.82,10%,Email-рассылка,Снег,"25-40 лет, женщины",5.0
2024-05-22,Product765,Косметика,11,553.86,10%,Email-рассылка,Солнечно,Семейные покупатели,4.2
2024-05-22,Product766,Одежда,22,221.62,30%,Скидочные купоны,Дождь,"25-40 лет, женщины",4.5
2024-05-22,Product767,Косметика,77,739.99,20%,Скидочные купоны,Пасмурно,40+,5.0
2024-05-22,Product768,Одежда,36,830.18,10%,Email-рассылка,Снег,"18-25 лет, мужчины",3.8
2024-05-22,Product769,Одежда,22,198.27,10%,Рекламная кампания,Солнечно,"18-25 лет, мужчины",5.0
2024-05-22,Product770,Одежда,8,436.32,Бесплатная доставка,Социальные сети,Дождь,"25-40 лет, женщины",5.0
2024-05-22,Product771,Косметика,46,857.54,20%,Email-рассылка,Пасмурно,"25-40 лет, женщины",4.5
2024-05-22,Product772,Косметика,40,929.3,Бесплатная доставка,Скидочные купоны,Снег,"18-25 лет, мужчины",4.5
2024-05-22,Product773,Одежда,25,994.45,Бесплатная доставка,Email-рассылка,Снег,"25-40 лет, женщины",5.0
2024-05-22,Product774,Одежда,45,70.74,Бесплатная доставка,Рекламная кампания,Пасмурно,"18-25 лет, мужчины",4.2
2024-05-22,Product775,Электроника,36,641.4,Бесплатная доставка,Скидочные купоны,Пасмурно,40+,5.0
2024-05-22,Product776,Электроника,79,198.3,20%,Email-рассылка,Дождь,40+,5.0
2024-05-22,Product777,Продукты питания,43,100.28,Бесплатная доставка,Социальные сети,Солнечно,"18-25 лет, мужчины",3.8
2024-05-22,Product778,Электроника,6,198.16,Бесплатная доставка,Email-рассылка,Солнечно,40+,4.2
2024-05-22,Product779,Косметика,98,641.82,20%,Скидочные купоны,Пасмурно,Семейные покупатели,4.5
2024-05-22,Product780,Косметика,59,832.57,20%,Email-рассылка,Снег,Семейные покупатели,5.0
2024-05-22,Product781,Косметика,74,255.36,20%,Email-рассылка,Дождь,Семейные покупатели,4.5
2024-05-22,Product782,Косметика,82,197.67,20%,Скидочные купоны,Дождь,Семейные покупатели,3.8
2024-05-22,Product783,Электроника,46,351.02,30%,Скидочные купоны,Дождь,Семейные покупатели,5.0
2024-05-22,Product784,Электроника,3,778.46,30%,Email-рассылка,Дождь,Семейные покупатели,4.5
2024-05-22,Product785,Продукты питания,68,121.81,10%,Email-рассылка,Снег,"25-40 лет, женщины",4.2
2024-05-22,Product786,Косметика,98,393.0,Бесплатная доставка,Социальные сети,Солнечно,"18-25 лет, мужчины",4.2
2024-05-22,Product787,Одежда,99,661.91,Бесплатная доставка,Социальные сети,Дождь,"18-25 лет, мужчины",4.5
2024-05-22,Product788,Электроника,99,853.22,30%,Email-рассылка,Дождь,"18-25 лет, мужчины",3.8
2024-05-22,Product789,Продукты питания,59,512.33,30%,Социальные сети,Снег,40+,4.2
2024-05-22,Product790,Электроника,100,749.07,20%,Скидочные купоны,Солнечно,Семейные покупатели,3.8
2024-05-22,Product791,Одежда,9,957.18,Бесплатная доставка,Рекламная кампания,Пасмурно,"18-25 лет, мужчины",5.0
2024-05-22,Product792,Одежда,68,687.07,30%,Скидочные купоны,Дождь,"25-40 лет, женщины",4.5
2024-05-22,Product793,Одежда,45,884.33,30%,Email-рассылка,Солнечно,"25-40 лет, женщины",4.5
2024-05-22,Product794,Одежда,20,196.62,30%,Email-рассылка,Дождь,Семейные покупатели,4.2
2024-05-22,Product795,Косметика,88,876.69,20%,Скидочные купоны,Пасмурно,"25-40 лет, женщины",4.2
2024-05-22,Product796,Продукты питания,63,732.23,20%,Социальные сети,Дождь,"25-40 лет, женщины",4.2
2024-05-22,Product797,Одежда,71,508.98,20%,Скидочные купоны,Дождь,"18-25 лет, мужчины",4.5
2024-05-22,Product798,Электроника,23,935.52,30%,Скидочные купоны,Пасмурно,Семейные покупатели,4.2
2024-05-22,Product799,Одежда,51,999.23,30%,Скидочные купоны,Солнечно,Семейные покупатели,4.5
2024-05-22,Product800,Косметика,84,334.11,20%,Рекламная кампания,Снег,"25-40 лет, женщины",4.2
2024-05-22,Product801,Одежда,50,885.43,20%,Социальные сети,Солнечно,Семейные покупатели,3.8
2024-05-22,Product802,Косметика,69,686.65,10%,Email-рассылка,Пасмурно,40+,4.5
2024-05-22,Product803,Косметика,34,334.15,10%,Скидочные купоны,Пасмурно,Семейные покупатели,5.0
2024-05-22,Product804,Электроника,24,676.34,Бесплатная доставка,Рекламная кампания,Солнечно,"18-25 лет, мужчины",4.2
2024-05-22,Product805,Косметика,87,244.16,Бесплатная доставка,Рекламная кампания,Дождь,40+,4.2
2024-05-22,Product806,Продукты питания,14,285.52,30%,Скидочные купоны,Солнечно,Семейные покупатели,5.0
2024-05-22,Product807,Одежда,14,810.75,Бесплатная доставка,Социальные сети,Дождь,40+,4.5
2024-05-22,Product808,Косметика,39,268.55,10%,Социальные сети,Снег,"18-25 лет, мужчины",3.8
2024-05-22,Product809,Одежда,12,760.91,20%,Рекламная кампания,Пасмурно,40+,4.2
2024-05-22,Product810,Косметика,85,327.4,20%,Email-рассылка,Пасмурно,"25-40 лет, женщины",4.2
2024-05-22,Product811,Электроника,66,468.41,20%,Email-рассылка,Пасмурно,Семейные покупатели,5.0
2024-05-22,Product812,Одежда,24,876.61,10%,Рекламная кампания,Солнечно,"18-25 лет, мужчины",4.5
2024-05-22,Product813,Продукты питания,2,899.26,20%,Социальные сети,Солнечно,"25-40 лет, женщины",3.8
2024-05-22,Product814,Электроника,28,116.67,10%,Скидочные купоны,Дождь,40+,3.8
2024-05-22,Product815,Косметика,58,396.62,Бесплатная доставка,Рекламная кампания,Солнечно,40+,4.5
2024-05-22,Product816,Электроника,82,986.82,Бесплатная доставка,Социальные сети,Снег,40+,4.5
2024-05-22,Product817,Косметика,34,760.85,Бесплатная доставка,Рекламная кампания,Снег,40+,5.0
2024-05-22,Product818,Одежда,57,340.99,10%,Рекламная кампания,Солнечно,"25-40 лет, женщины",5.0
2024-05-22,Product819,Одежда,43,760.7,Бесплатная доставка,Социальные сети,Снег,"18-25 лет, мужчины",4.2
2024-05-22,Product820,Одежда,65,489.33,30%,Рекламная кампания,Солнечно,Семейные покупатели,5.0
2024-05-22,Product821,Электроника,77,106.46,30%,Рекламная кампания,Снег,Семейные покупатели,4.5
2024-05-22,Product822,Продукты питания,73,956.34,10%,Email-рассылка,Солнечно,Семейные покупатели,4.2
2024-05-22,Product823,Электроника,12,117.76,Бесплатная доставка,Социальные сети,Солнечно,"18-25 лет, мужчины",5.0
2024-05-22,Product824,Одежда,4,493.11,20%,Социальные сети,Солнечно,"18-25 лет, мужчины",3.8
2024-05-22,Product825,Косметика,12,280.11,10%,Скидочные купоны,Снег,40+,4.5
2024-05-22,Product826,Продукты питания,6,927.32,30%,Email-рассылка,Пасмурно,"25-40 лет, женщины",3.8
2024-05-22,Product827,Продукты питания,26,655.8,30%,Социальные сети,Пасмурно,40+,4.2
2024-05-22,Product828,Продукты питания,2,274.68,10%,Рекламная кампания,Дождь,"18-25 лет, мужчины",5.0
2024-05-22,Product829,Одежда,75,97.26,30%,Социальные сети,Пасмурно,Семейные покупатели,4.5
2024-05-22,Product830,Одежда,16,114.44,Бесплатная доставка,Email-рассылка,Пасмурно,"25-40 лет, женщины",4.5
2024-05-22,Product831,Одежда,40,254.13,10%,Рекламная кампания,Дождь,"25-40 лет, женщины",3.8
2024-05-22,Product832,Продукты питания,70,184.28,30%,Социальные сети,Снег,"25-40 лет, женщины",5.0
2024-05-22,Product833,Электроника,52,820.32,Бесплатная доставка,Email-рассылка,Дождь,Семейные покупатели,3.8
2024-05-22,Product834,Косметика,56,11.8,30%,Email-рассылка,Дождь,"18-25 лет, мужчины",4.2
2024-05-22,Product835,Электроника,1,948.63,Бесплатная доставка,Email-рассылка,Снег,Семейные покупатели,5.0
2024-05-22,Product836,Косметика,92,399.37,20%,Рекламная кампания,Снег,"25-40 лет, женщины",4.2
2024-05-22,Product837,Косметика,34,902.94,10%,Социальные сети,Солнечно,"18-25 лет, мужчины",5.0
2024-05-22,Product838,Продукты питания,82,204.81,20%,Email-рассылка,Снег,40+,5.0
2024-05-22,Product839,Электроника,2,455.78,30%,Социальные сети,Солнечно,"25-40 лет, женщины",4.5
2024-05-22,Product840,Электроника,56,180.35,Бесплатная доставка,Email-рассылка,Солнечно,"18-25 лет, мужчины",5.0
2024-05-22,Product841,Косметика,57,397.18,30%,Скидочные купоны,Снег,40+,4.5
2024-05-22,Product842,Продукты питания,87,121.43,30%,Социальные сети,Пасмурно,"25-40 лет, женщины",5.0
2024-05-22,Product843,Косметика,67,638.98,10%,Рекламная кампания,Пасмурно,"18-25 лет, мужчины",5.0
2024-05-22,Product844,Косметика,36,107.21,10%,Скидочные купоны,Солнечно,Семейные покупатели,4.2
2024-05-22,Product845,Косметика,65,382.99,30%,Социальные сети,Пасмурно,"18-25 лет, мужчины",5.0
2024-05-22,Product846,Электроника,62,378.6,20%,Скидочные купоны,Дождь,"25-40 лет, женщины",5.0
2024-05-22,Product847,Косметика,71,979.21,10%,Скидочные купоны,Солнечно,"18-25 лет, мужчины",4.5
2024-05-22,Product848,Электроника,62,14.97,Бесплатная доставка,Социальные сети,Дождь,"25-40 лет, женщины",3.8
2024-05-22,Product849,Продукты питания,7,992.54,10%,Рекламная кампания,Солнечно,40+,4.5
2024-05-22,Product850,Одежда,18,208.33,10%,Рекламная кампания,Солнечно,"18-25 лет, мужчины",4.5
2024-05-22,Product851,Одежда,51,968.76,10%,Email-рассылка,Дождь,Семейные покупатели,5.0
2024-05-22,Product852,Одежда,6,814.13,20%,Скидочные купоны,Снег,"18-25 лет, мужчины",3.8
2024-05-22,Product853,Электроника,55,793.94,20%,Скидочные купоны,Дождь,"18-25 лет, мужчины",3.8
2024-05-22,Product854,Продукты питания,23,48.98,10%,Социальные сети,Дождь,40+,4.2
2024-05-22,Product855,Электроника,2,868.1,Бесплатная доставка,Рекламная кампания,Дождь,40+,3.8
2024-05-22,Product856,Одежда,21,428.41,Бесплатная доставка,Рекламная кампания,Солнечно,Семейные покупатели,4.5
2024-05-22,Product857,Продукты питания,7,722.56,Бесплатная доставка,Рекламная кампания,Солнечно,"18-25 лет, мужчины",4.2
2024-05-22,Product858,Косметика,99,73.7,Бесплатная доставка,Социальные сети,Дождь,40+,5.0
2024-05-22,Product859,Продукты питания,58,866.01,30%,Социальные сети,Дождь,40+,5.0
2024-05-22,Product860,Электроника,23,326.09,30%,Скидочные купоны,Дождь,"18-25 лет, мужчины",5.0
2024-05-22,Product861,Косметика,41,309.78,10%,Социальные сети,Солнечно,"18-25 лет, мужчины",5.0
2024-05-22,Product862,Продукты питания,40,814.95,Бесплатная доставка,Рекламная кампания,Пасмурно,40+,3.8
2024-05-22,Product863,Косметика,5,928.41,30%,Email-рассылка,Снег,Семейные покупатели,5.0
2024-05-22,Product864,Электроника,63,936.61,Бесплатная доставка,Скидочные купоны,Снег,40+,3.8
2024-05-22,Product865,Продукты питания,32,50.45,10%,Email-рассылка,Пасмурно,"25-40 лет, женщины",3.8
2024-05-22,Product866,Косметика,7,550.89,30%,Email-рассылка,Дождь,40+,4.5
2024-05-22,Product867,Косметика,28,730.78,Бесплатная доставка,Социальные сети,Солнечно,40+,4.2
2024-05-22,Product868,Электроника,9,250.48,20%,Скидочные купоны,Снег,40+,4.2
2024-05-22,Product869,Косметика,18,680.5,30%,Email-рассылка,Солнечно,40+,4.5
2024-05-22,Product870,Продукты питания,70,999.33,Бесплатная доставка,Скидочные купоны,Снег,"25-40 лет, женщины",3.8
2024-05-22,Product871,Косметика,34,580.88,10%,Рекламная кампания,Дождь,"25-40 лет, женщины",5.0
2024-05-22,Product872,Электроника,24,798.56,Бесплатная доставка,Социальные сети,Дождь,"18-25 лет, мужчины",4.2
2024-05-22,Product873,Одежда,28,580.7,10%,Рекламная кампания,Дождь,Семейные покупатели,3.8
2024-05-22,Product874,Продукты питания,92,949.66,30%,Email-рассылка,Пасмурно,"18-25 лет, мужчины",5.0
2024-05-22,Product875,Одежда,23,628.17,30%,Скидочные купоны,Пасмурно,"18-25 лет, мужчины",5.0
2024-05-22,Product876,Косметика,100,417.9,20%,Социальные сети,Пасмурно,"25-40 лет, женщины",5.0
2024-05-22,Product877,Одежда,3,722.14,10%,Скидочные купоны,Пасмурно,"25-40 лет, женщины",4.2
2024-05-22,Product878,Одежда,62,798.02,Бесплатная доставка,Скидочные купоны,Солнечно,Семейные покупатели,3.8
2024-05-22,Product879,Электроника,80,658.7,20%,Скидочные купоны,Солнечно,"18-25 лет, мужчины",3.8
2024-05-22,Product880,Одежда,23,241.97,10%,Рекламная кампания,Дождь,40+,5.0
2024-05-22,Product881,Косметика,29,995.01,Бесплатная доставка,Социальные сети,Солнечно,"25-40 лет, женщины",5.0
2024-05-22,Product882,Косметика,17,696.0,10%,Социальные сети,Снег,"25-40 лет, женщины",4.5
2024-05-22,Product883,Одежда,93,943.44,Бесплатная доставка,Email-рассылка,Солнечно,Семейные покупатели,4.5
2024-05-22,Product884,Косметика,98,254.5,10%,Email-рассылка,Пасмурно,Семейные покупатели,5.0
2024-05-22,Product885,Косметика,29,705.17,20%,Скидочные купоны,Пасмурно,40+,5.0
2024-05-22,Product886,Косметика,27,340.66,20%,Email-рассылка,Снег,"18-25 лет, мужчины",4.2
2024-05-22,Product887,Продукты питания,98,578.86,30%,Email-рассылка,Пасмурно,"25-40 лет, женщины",5.0
2024-05-22,Product888,Одежда,11,315.84,Бесплатная доставка,Скидочные купоны,Снег,Семейные покупатели,3.8
2024-05-22,Product889,Продукты питания,46,553.18,20%,Скидочные купоны,Дождь,Семейные покупатели,5.0
2024-05-22,Product890,Косметика,52,681.35,20%,Скидочные купоны,Солнечно,40+,4.2
2024-05-22,Product891,Косметика,18,752.56,Бесплатная доставка,Email-рассылка,Снег,"25-40 лет, женщины",3.8
2024-05-22,Product892,Электроника,56,438.11,20%,Email-рассылка,Пасмурно,40+,4.5
2024-05-22,Product893,Электроника,42,395.58,30%,Рекламная кампания,Солнечно,Семейные покупатели,5.0
2024-05-22,Product894,Продукты питания,1,916.47,20%,Скидочные купоны,Снег,40+,3.8
2024-05-22,Product895,Электроника,99,193.88,Бесплатная доставка,Социальные сети,Пасмурно,"25-40 лет, женщины",4.2
2024-05-22,Product896,Косметика,38,519.91,30%,Рекламная кампания,Дождь,Семейные покупатели,4.2
2024-05-22,Product897,Продукты питания,4,810.34,20%,Социальные сети,Солнечно,"25-40 лет, женщины",4.5
2024-05-22,Product898,Одежда,38,66.51,10%,Рекламная кампания,Снег,Семейные покупатели,3.8
2024-05-22,Product899,Электроника,29,806.4,30%,Рекламная кампания,Солнечно,40+,4.2
2024-05-22,Product900,Косметика,22,659.6,20%,Email-рассылка,Дождь,"18-25 лет, мужчины",4.2
2024-05-22,Product901,Продукты питания,69,297.29,30%,Скидочные купоны,Солнечно,"18-25 лет, мужчины",3.8
2024-05-22,Product902,Электроника,22,991.56,10%,Рекламная кампания,Дождь,Семейные покупатели,3.8
2024-05-22,Product903,Электроника,45,415.81,Бесплатная доставка,Социальные сети,Дождь,"25-40 лет, женщины",5.0
2024-05-22,Product904,Косметика,4,718.84,Бесплатная доставка,Email-рассылка,Снег,"25-40 лет, женщины",5.0
2024-05-22,Product905,Косметика,98,176.26,10%,Скидочные купоны,Пасмурно,Семейные покупатели,4.2
2024-05-22,Product906,Продукты питания,38,26.2,Бесплатная доставка,Скидочные купоны,Солнечно,"18-25 лет, мужчины",5.0
2024-05-22,Product907,Одежда,69,637.29,Бесплатная доставка,Скидочные купоны,Снег,"25-40 лет, женщины",5.0
2024-05-22,Product908,Одежда,39,282.6,30%,Скидочные купоны,Пасмурно,40+,3.8
2024-05-22,Product909,Косметика,78,991.47,30%,Email-рассылка,Дождь,"25-40 лет, женщины",4.5
2024-05-22,Product910,Продукты питания,78,221.41,20%,Рекламная кампания,Солнечно,"18-25 лет, мужчины",4.2
2024-05-22,Product911,Косметика,19,817.45,30%,Социальные сети,Дождь,40+,5.0
2024-05-22,Product912,Одежда,96,110.97,Бесплатная доставка,Социальные сети,Пасмурно,"18-25 лет, мужчины",3.8
2024-05-22,Product913,Косметика,94,896.83,30%,Рекламная кампания,Дождь,40+,3.8
2024-05-22,Product914,Косметика,23,394.14,10%,Рекламная кампания,Снег,40+,4.2
2024-05-22,Product915,Одежда,65,247.65,20%,Скидочные купоны,Дождь,40+,3.8
2024-05-22,Product916,Косметика,73,628.35,30%,Email-рассылка,Снег,40+,3.8
2024-05-22,Product917,Одежда,91,846.74,20%,Рекламная кампания,Снег,Семейные покупатели,4.2
2024-05-22,Product918,Одежда,12,835.06,10%,Email-рассылка,Дождь,40+,4.5
2024-05-22,Product919,Одежда,15,95.93,30%,Email-рассылка,Снег,40+,5.0
2024-05-22,Product920,Продукты питания,61,416.07,Бесплатная доставка,Социальные сети,Дождь,"18-25 лет, мужчины",5.0
2024-05-22,Product921,Продукты питания,10,365.82,10%,Социальные сети,Пасмурно,"25-40 лет, женщины",3.8
2024-05-22,Product922,Косметика,26,980.64,Бесплатная доставка,Скидочные купоны,Пасмурно,"25-40 лет, женщины",3.8
2024-05-22,Product923,Продукты питания,86,216.64,30%,Социальные сети,Пасмурно,40+,4.5
2024-05-22,Product924,Косметика,15,728.26,Бесплатная доставка,Скидочные купоны,Солнечно,"25-40 лет, женщины",3.8
2024-05-22,Product925,Одежда,39,916.86,20%,Социальные сети,Солнечно,"25-40 лет, женщины",3.8
2024-05-22,Product926,Продукты питания,59,952.04,Бесплатная доставка,Рекламная кампания,Пасмурно,Семейные покупатели,4.2
2024-05-22,Product927,Одежда,84,355.18,20%,Скидочные купоны,Дождь,Семейные покупатели,5.0
2024-05-22,Product928,Косметика,54,18.05,Бесплатная доставка,Социальные сети,Солнечно,"25-40 лет, женщины",4.2
2024-05-22,Product929,Электроника,60,422.58,Бесплатная доставка,Социальные сети,Солнечно,Семейные покупатели,4.2
2024-05-22,Product930,Продукты питания,28,864.48,Бесплатная доставка,Рекламная кампания,Снег,Семейные покупатели,5.0
2024-05-22,Product931,Электроника,9,452.4,30%,Рекламная кампания,Дождь,Семейные покупатели,5.0
2024-05-22,Product932,Одежда,80,899.38,30%,Социальные сети,Дождь,"25-40 лет, женщины",4.5
2024-05-22,Product933,Косметика,29,521.45,30%,Рекламная кампания,Снег,"18-25 лет, мужчины",3.8
2024-05-22,Product934,Косметика,27,512.56,10%,Социальные сети,Солнечно,40+,3.8
2024-05-22,Product935,Электроника,44,236.2,Бесплатная доставка,Скидочные купоны,Солнечно,40+,4.5
2024-05-22,Product936,Косметика,6,152.25,20%,Скидочные купоны,Дождь,"25-40 лет, женщины",5.0
2024-05-22,Product937,Одежда,74,930.86,30%,Социальные сети,Дождь,Семейные покупатели,4.2
2024-05-22,Product938,Продукты питания,44,550.21,10%,Рекламная кампания,Солнечно,Семейные покупатели,5.0
2024-05-22,Product939,Одежда,43,546.22,Бесплатная доставка,Рекламная кампания,Солнечно,"25-40 лет, женщины",4.5
2024-05-22,Product940,Косметика,72,10.45,20%,Скидочные купоны,Дождь,Семейные покупатели,4.5
2024-05-22,Product941,Электроника,52,466.15,Бесплатная доставка,Социальные сети,Дождь,Семейные покупатели,5.0
2024-05-22,Product942,Продукты питания,53,127.38,10%,Рекламная кампания,Дождь,"18-25 лет, мужчины",5.0
2024-05-22,Product943,Продукты питания,85,618.5,Бесплатная доставка,Рекламная кампания,Солнечно,40+,4.2
2024-05-22,Product944,Электроника,64,221.3,10%,Социальные сети,Пасмурно,40+,3.8
2024-05-22,Product945,Электроника,22,986.8,10%,Рекламная кампания,Дождь,"25-40 лет, женщины",5.0
2024-05-22,Product946,Продукты питания,74,492.14,Бесплатная доставка,Социальные сети,Солнечно,"18-25 лет, мужчины",4.5
2024-05-22,Product947,Косметика,75,921.59,Бесплатная доставка,Скидочные купоны,Солнечно,Семейные покупатели,4.2
2024-05-22,Product948,Продукты питания,71,219.22,Бесплатная доставка,Email-рассылка,Снег,"25-40 лет, женщины",3.8
2024-05-22,Product949,Электроника,71,933.31,20%,Скидочные купоны,Снег,40+,4.2
2024-05-22,Product950,Электроника,22,897.97,20%,Социальные сети,Пасмурно,"18-25 лет, мужчины",3.8
2024-05-22,Product951,Косметика,7,852.67,20%,Социальные сети,Дождь,"25-40 лет, женщины",4.2
2024-05-22,Product952,Электроника,62,261.68,30%,Email-рассылка,Снег,"25-40 лет, женщины",4.5
2024-05-22,Product953,Косметика,24,789.99,10%,Email-рассылка,Дождь,"18-25 лет, мужчины",5.0
2024-05-22,Product954,Косметика,96,514.44,Бесплатная доставка,Социальные сети,Снег,"18-25 лет, мужчины",3.8
2024-05-22,Product955,Одежда,11,943.76,10%,Email-рассылка,Пасмурно,"18-25 лет, мужчины",3.8
2024-05-22,Product956,Одежда,95,535.84,30%,Email-рассылка,Дождь,Семейные покупатели,4.2
2024-05-22,Product957,Электроника,24,571.21,10%,Рекламная кампания,Солнечно,"18-25 лет, мужчины",4.5
2024-05-22,Product958,Косметика,59,287.12,20%,Скидочные купоны,Пасмурно,"25-40 лет, женщины",5.0
2024-05-22,Product959,Продукты питания,61,820.75,Бесплатная доставка,Социальные сети,Снег,40+,3.8
2024-05-22,Product960,Продукты питания,54,411.92,20%,Скидочные купоны,Солнечно,Семейные покупатели,4.5
2024-05-22,Product961,Продукты питания,68,733.72,20%,Email-рассылка,Солнечно,"25-40 лет, женщины",4.5
2024-05-22,Product962,Продукты питания,73,160.65,30%,Рекламная кампания,Пасмурно,40+,3.8
2024-05-22,Product963,Электроника,82,758.6,30%,Скидочные купоны,Солнечно,"25-40 лет, женщины",4.2
2024-05-22,Product964,Продукты питания,68,26.57,30%,Email-рассылка,Солнечно,"18-25 лет, мужчины",5.0
2024-05-22,Product965,Одежда,31,416.02,20%,Скидочные купоны,Пасмурно,40+,3.8
2024-05-22,Product966,Продукты питания,41,544.35,10%,Email-рассылка,Снег,40+,4.5
2024-05-22,Product967,Электроника,89,604.33,10%,Социальные сети,Снег,"25-40 лет, женщины",4.5
2024-05-22,Product968,Косметика,13,87.99,10%,Скидочные купоны,Пасмурно,40+,5.0
2024-05-22,Product969,Одежда,66,236.13,30%,Социальные сети,Солнечно,40+,4.5
2024-05-22,Product970,Одежда,22,812.57,20%,Рекламная кампания,Солнечно,40+,4.2
2024-05-22,Product971,Продукты питания,47,644.96,30%,Скидочные купоны,Дождь,"25-40 лет, женщины",3.8
2024-05-22,Product972,Косметика,57,495.93,Бесплатная доставка,Социальные сети,Пасмурно,Семейные покупатели,4.5
2024-05-22,Product973,Продукты питания,82,971.34,20%,Email-рассылка,Снег,Семейные покупатели,4.5
2024-05-22,Product974,Косметика,28,528.75,30%,Email-рассылка,Снег,"18-25 лет, мужчины",4.5
2024-05-22,Product975,Одежда,77,859.87,Бесплатная доставка,Скидочные купоны,Снег,"25-40 лет, женщины",5.0
2024-05-22,Product976,Электроника,69,869.63,20%,Социальные сети,Солнечно,40+,4.2
2024-05-22,Product977,Одежда,85,804.29,30%,Социальные сети,Солнечно,40+,3.8
2024-05-22,Product978,Косметика,81,593.51,20%,Рекламная кампания,Солнечно,"25-40 лет, женщины",4.5
2024-05-22,Product979,Продукты питания,31,647.05,Бесплатная доставка,Рекламная кампания,Дождь,Семейные покупатели,3.8
2024-05-22,Product980,Электроника,9,743.12,10%,Скидочные купоны,Дождь,"25-40 лет, женщины",4.2
2024-05-22,Product981,Одежда,96,427.11,Бесплатная доставка,Email-рассылка,Пасмурно,"25-40 лет, женщины",5.0
2024-05-22,Product982,Электроника,36,148.59,20%,Скидочные купоны,Солнечно,"25-40 лет, женщины",5.0
2024-05-22,Product983,Одежда,11,377.16,Бесплатная доставка,Email-рассылка,Дождь,"25-40 лет, женщины",4.5
2024-05-22,Product984,Электроника,63,340.8,Бесплатная доставка,Email-рассылка,Снег,Семейные покупатели,5.0
2024-05-22,Product985,Электроника,32,454.33,30%,Социальные сети,Солнечно,Семейные покупатели,3.8
2024-05-22,Product986,Электроника,3,248.49,20%,Рекламная кампания,Пасмурно,Семейные покупатели,4.2
2024-05-22,Product987,Одежда,10,435.4,10%,Скидочные купоны,Солнечно,"18-25 лет, мужчины",4.5
2024-05-22,Product988,Электроника,16,465.13,10%,Скидочные купоны,Дождь,"18-25 лет, мужчины",5.0
2024-05-22,Product989,Электроника,96,533.27,Бесплатная доставка,Рекламная кампания,Снег,"18-25 лет, мужчины",4.5
2024-05-22,Product990,Одежда,65,463.58,Бесплатная доставка,Email-рассылка,Пасмурно,Семейные покупатели,4.5
2024-05-22,Product991,Косметика,50,451.25,30%,Рекламная кампания,Дождь,40+,4.5
2024-05-22,Product992,Косметика,75,935.88,30%,Скидочные купоны,Снег,"25-40 лет, женщины",4.2
2024-05-22,Product993,Продукты питания,80,446.44,30%,Социальные сети,Дождь,"25-40 лет, женщины",4.2
2024-05-22,Product994,Продукты питания,63,63.43,Бесплатная доставка,Социальные сети,Дождь,"25-40 лет, женщины",5.0
2024-05-22,Product995,Одежда,36,998.41,10%,Скидочные купоны,Снег,Семейные покупатели,5.0
2024-05-22,Product996,Одежда,22,962.52,30%,Социальные сети,Пасмурно,"25-40 лет, женщины",5.0
2024-05-22,Product997,Продукты питания,50,11.42,30%,Email-рассылка,Солнечно,"18-25 лет, мужчины",3.8
2024-05-22,Product998,Электроника,47,72.21,Бесплатная доставка,Рекламная кампания,Снег,"25-40 лет, женщины",4.2
2024-05-22,Product999,Одежда,46,366.57,10%,Социальные сети,Дождь,"18-25 лет, мужчины",4.2
